population,sample_id,153Eu_STAT1,175Lu_pS6,144Nd_pPLCg2,158Gd_pStat3,171Yb_pERK,156Gd_p-p38,165Ho_pCREB,152Sm_Akt,167Er_total_pMET,143Nd_bio_pMET,164Dy_Ikba,150Nd_STAT5,147Sm_CD20,151Eu_CD123__IL-3R,154Sm_CD45,148Nd_CD34,141Pr_CD7,142Nd_CD19,145Nd_CD4,149Sm_CD25,155Gd_CD27,159Tb_CD11c,160Gd_CD14,166Er_CD16,168Er_CD8a,169Tm_CD45RA,170Er_CD3,172Yb_CD38,174Yb_HLA-DR,146Nd_IgD,157Gd_CD24,163Dy_CD33,176Yb_CD127__IL-7R
CD34+ - Calculated Raw values of Means using X-Axis channel(s): Panel/Channel Values,c09_sample1_01_0_HIMC1_UN.fcs - c09_sample1_01_0_HIMC1_UN.fcs,4.44,104.17,7.85,3.5,3.55,11.32,315.45,18.84,16.62,33.51,18.74,6.44,462.63,4.33,916.78,73.34,11.76,176.63,3.88,4,42.96,78.11,11.29,5.48,5.33,321.67,43.08,146.37,546.88,101.46,15.15,14.16,37.07
CD34+ - Calculated Raw values of Means using X-Axis channel(s): Panel/Channel Values,c18_sample1_01_0_HIMC1_PERV.fcs - c18_sample1_01_0_HIMC1_PERV.fcs,5.63,103.1,122.63,11.93,8.77,66,292.92,18.44,24.18,51.48,23.88,21.23,430.19,4.02,925.43,75.93,9.04,161.27,5.49,3.48,35.72,89.95,18.63,3.49,3.45,317.55,45.8,153.56,476.81,75.53,15.53,18.6,13.38
CD34+ - Calculated Raw values of Means using X-Axis channel(s): Panel/Channel Values,c09_sample2_01_0_HIMC2_UN.fcs - c09_sample2_01_0_HIMC2_UN.fcs,10.37,73.22,7.79,2.71,2.3,21.68,339.18,24.01,21.86,37.43,33.33,5,284.99,4.27,1054.69,33.54,13.7,118.4,7.38,2.99,36.69,191.25,64.36,1.6,4.32,308.12,65.63,128.59,648.44,71.2,9.27,52.46,10.2
CD34+ - Calculated Raw values of Means using X-Axis channel(s): Panel/Channel Values,c18_sample2_01_0_HIMC2_PERV.fcs - c18_sample2_01_0_HIMC2_PERV.fcs,9.76,71.59,152.55,12.49,8.22,95.15,298.09,23.89,25.32,57.86,36.59,27.03,263.89,3.86,964.23,43.09,13.35,114.41,10.73,3.6,37.17,155.53,45.91,1.71,3.11,285.43,94.81,127.7,514.91,72.48,10.32,38.07,6.23
CD34+ - Calculated Raw values of Means using X-Axis channel(s): Panel/Channel Values,c06_sample3_01_0_HIMC3_UN.fcs - c06_sample3_01_0_HIMC3_UN.fcs,3.59,41.58,4.67,1.69,1.59,9.66,186.5,8.54,7.32,38.24,11.48,2.48,299.05,3.83,619.19,72.21,3.17,117.1,2.56,2.41,18.02,49.97,14.02,1.18,2.91,112.27,23.42,118.25,357.9,68.79,6,9.65,5.61
CD34+ - Calculated Raw values of Means using X-Axis channel(s): Panel/Channel Values,c12_sample3_01_0_HIMC3_PERV.fcs - c12_sample3_01_0_HIMC3_PERV.fcs,4.87,48.96,56.87,2.99,2.54,61.27,211.73,11.07,12.66,45.81,13.54,11.52,350.88,3.84,697.98,63.21,4.53,130.48,4.06,2.97,28.52,49.43,16.63,1.3,0.92,154.09,39.29,152.18,378.72,73.97,6.8,9.4,3.24
CD34+ - Calculated Raw values of Means using X-Axis channel(s): Panel/Channel Values,c01_sample1_01_0_E01_D0_UN.fcs - c01_sample1_01_0_E01_D0_UN.fcs,7.54,9.79,6.67,16.01,2.82,23.15,366.28,13.23,16.62,36.1,45.09,6.35,12.92,32.11,489.94,260.06,12.21,8.99,4.06,35.88,4.76,197,25.04,6.3,0.88,78.97,14.08,490.53,292.45,4.95,1.32,105.2,1.53
CD34+ - Calculated Raw values of Means using X-Axis channel(s): Panel/Channel Values,c10_sample1_01_0_E01_D0_PERV.fcs - c10_sample1_01_0_E01_D0_PERV.fcs,15.74,13.33,75.03,29.8,16.02,146.56,493.38,21.68,14.7,43.94,41.95,24.89,21.47,35.16,405.93,249.63,12.94,11.06,3.57,35.65,4.94,146.67,18.09,3.79,0.53,69.33,7.82,484.75,253.99,4.78,2.57,84.93,1.16
CD34+ - Calculated Raw values of Means using X-Axis channel(s): Panel/Channel Values,c02_sample1_01_0_E01_D1_UN.fcs - c02_sample1_01_0_E01_D1_UN.fcs,4.67,10.52,4.67,17.2,2.25,24.48,388.84,11.14,12.82,30.61,32.8,4.34,15.2,28.31,365.42,247.98,12.03,10.04,2.36,38.77,3.7,130.7,15.83,1.47,1.3,50.79,18.35,551.22,243.19,4.91,1.16,74.77,1.34
CD34+ - Calculated Raw values of Means using X-Axis channel(s): Panel/Channel Values,c11_sample1_01_0_E01_D1_PERV.fcs - c11_sample1_01_0_E01_D1_PERV.fcs,8.57,11.77,80.56,37.49,13.9,141.1,505.71,20.02,12.28,43.04,33.6,23.2,14.91,27.59,325.49,253.33,11.92,9.46,2.85,38.35,3.19,108.19,10.61,1.29,0.38,54.72,2.7,519.65,219.15,4.57,2.64,74.27,1.04
CD34+ - Calculated Raw values of Means using X-Axis channel(s): Panel/Channel Values,c03_sample1_01_0_E01_D2_UN.fcs - c03_sample1_01_0_E01_D2_UN.fcs,1.96,7,3.51,10.56,2.11,16.16,305.61,7.24,9.03,24.18,31.38,3.38,21.1,22.53,252.46,268.33,10.7,13.89,1.6,51.78,4.66,59.76,3.18,1.1,1.16,35.02,19.42,559.72,231.61,4.21,0.85,62.55,1
CD34+ - Calculated Raw values of Means using X-Axis channel(s): Panel/Channel Values,c12_sample1_01_0_E01_D2_PERV.fcs - c12_sample1_01_0_E01_D2_PERV.fcs,6.97,6.61,50.7,17.98,11.59,140.79,470.36,16.07,9.14,30.59,35.25,15.13,11.66,17.91,246.52,266.83,10.65,9.07,1.88,49.22,3.57,43.99,3.28,1,1.01,27.48,16.07,559.45,203.4,2.44,1.77,59.61,0.96
CD34+ - Calculated Raw values of Means using X-Axis channel(s): Panel/Channel Values,c03_sample2_01_0_E03_D0_UN.fcs - c03_sample2_01_0_E03_D0_UN.fcs,4.81,6.13,2.63,2.04,1.24,11.76,292.47,7.77,46.82,35.03,84.27,2.99,0.27,17.05,61.07,230.78,0.86,0.63,0.59,0.75,0.66,14.72,1.1,0.97,0.92,4.4,3.69,394.14,34.18,2.1,0.39,2.74,0.79
CD34+ - Calculated Raw values of Means using X-Axis channel(s): Panel/Channel Values,c12_sample2_01_0_E03_D0_PERV.fcs - c12_sample2_01_0_E03_D0_PERV.fcs,5.12,6,4.86,2.74,5.22,58.56,473.44,23.65,44.95,39.33,89.08,4.69,0.31,17.78,61.12,223.21,0.94,0.69,0.63,0.77,0.71,14.63,1.33,1.19,0.87,4.07,2.74,389.03,30.51,2.48,0.91,2.78,0.8
CD34+ - Calculated Raw values of Means using X-Axis channel(s): Panel/Channel Values,c04_sample2_01_0_E03_D1_UN.fcs - c04_sample2_01_0_E03_D1_UN.fcs,4.3,5.89,2.88,1.7,1.14,14.04,317.62,6.88,44.88,32.25,80.59,3,0.28,15.93,66.12,244.76,0.89,0.68,0.67,0.78,0.89,18.62,1.03,0.97,0.9,4.88,4.61,341.31,32.72,1.98,0.4,3.24,0.78
CD34+ - Calculated Raw values of Means using X-Axis channel(s): Panel/Channel Values,c13_sample2_01_0_E03_D1_PERV.fcs - c13_sample2_01_0_E03_D1_PERV.fcs,5.01,5.91,4.75,2.04,2.41,61.21,448.64,15.87,44.84,40.87,85.14,4.04,0.28,17.26,68.51,239.28,0.92,0.7,0.67,0.83,0.94,20.3,1.15,1.07,0.86,5.17,3.6,346.72,31.61,2.05,0.9,3.56,0.72
CD34+ - Calculated Raw values of Means using X-Axis channel(s): Panel/Channel Values,c05_sample2_01_0_E03_D2_UN.fcs - c05_sample2_01_0_E03_D2_UN.fcs,3.58,2.98,3.02,1.85,1.23,12.07,267.28,7.49,37.63,32.06,110.08,3.15,0.32,11.81,92.12,272.98,1.03,0.74,0.73,1.98,0.88,27.3,1.03,0.86,0.81,6,4.56,461.65,45.85,2.11,0.37,5.99,0.72
CD34+ - Calculated Raw values of Means using X-Axis channel(s): Panel/Channel Values,c14_sample2_01_0_E03_D2_PERV.fcs - c14_sample2_01_0_E03_D2_PERV.fcs,4.4,3.58,5.57,2.39,3.21,50.81,418.18,22.18,37.62,39.5,113.9,4.37,0.34,12.31,91.63,267.93,1.12,0.78,0.75,2.02,0.96,28.59,1.24,1.05,0.78,6.1,3.9,467.61,43.94,2.4,0.8,6.35,0.75
CD34+ - Calculated Raw values of Means using X-Axis channel(s): Panel/Channel Values,c04_sample1_01_0_E04_D0_UN.fcs - c04_sample1_01_0_E04_D0_UN.fcs,90.24,17.97,15.26,11.39,6.73,22.87,498.95,30.73,71.36,89.14,209.95,12.93,1.89,2.26,1566.13,40.75,3.86,1.02,12.31,1.11,2.02,892.45,159.12,53.46,1.73,4.81,13.09,151.93,276.8,4.27,7.78,281.92,2.06
CD34+ - Calculated Raw values of Means using X-Axis channel(s): Panel/Channel Values,c13_sample1_01_0_E04_D0_PERV.fcs - c13_sample1_01_0_E04_D0_PERV.fcs,85.01,24.41,107.99,21.67,25.75,189.44,429.83,29.69,83.35,105.25,236.88,31.18,1.72,2.12,1544.34,35.88,4.41,1.22,13.15,1.06,2.5,862.5,151.87,50.87,1.64,4.09,13.03,135.13,233.04,4.27,9.75,258.22,1.94
CD34+ - Calculated Raw values of Means using X-Axis channel(s): Panel/Channel Values,c05_sample1_01_0_E04_D1_UN.fcs - c05_sample1_01_0_E04_D1_UN.fcs,91.1,23.23,11.57,11.24,15.01,49.05,491.18,29.96,48.55,87.71,59.07,12.57,7.68,3.97,1634.97,42.59,5.51,3.34,22.06,1.09,4.44,701.3,225.67,30.38,2.86,15.23,36.28,177.85,559.3,3.8,12.2,235.42,2.48
CD34+ - Calculated Raw values of Means using X-Axis channel(s): Panel/Channel Values,c14_sample1_01_0_E04_D1_PERV.fcs - c14_sample1_01_0_E04_D1_PERV.fcs,104.49,28.38,181.91,27.96,29.94,143.01,355.11,27.4,83.56,119.72,96.96,47.58,5.12,4.09,1563.3,38.6,5.68,2.7,23.26,0.96,3.55,686.85,204.99,31.01,2.46,8.11,29.58,152.25,502.68,3.99,8.55,217.28,2.32
CD34+ - Calculated Raw values of Means using X-Axis channel(s): Panel/Channel Values,c06_sample1_01_0_E04_D2_UN.fcs - c06_sample1_01_0_E04_D2_UN.fcs,79.54,30.2,9.71,8.2,32.84,87.62,533.25,29.41,51.7,87.97,33.29,9.39,24.98,13.75,1563.66,42.31,6.74,6.26,16.68,1.18,8.55,544.11,240.81,24.42,2.82,41.52,57.15,259.63,732.76,3.83,9.99,158.63,2.89
CD34+ - Calculated Raw values of Means using X-Axis channel(s): Panel/Channel Values,c15_sample1_01_0_E04_D2_PERV.fcs - c15_sample1_01_0_E04_D2_PERV.fcs,105.74,30.14,222.84,23.76,35.69,119.12,323.58,28.4,83.27,123.49,57.7,49.8,9.89,14.55,1785.63,36.75,8.66,3.65,20.54,1.21,10.53,616.12,245.89,35.76,5.32,17.8,70.93,243.79,727.42,3.56,9.5,159.48,2.85
CD34+ - Calculated Raw values of Means using X-Axis channel(s): Panel/Channel Values,c06_sample2_01_0_E05_D0_UN.fcs - c06_sample2_01_0_E05_D0_UN.fcs,9.17,122.03,9.34,4.14,4.61,27.83,424.13,23.31,22.81,46.02,32.99,6.52,270.17,15.64,827.33,114.78,18.12,173.92,12.77,7.26,43.06,197.03,12.17,3.23,10.64,179.13,179.83,372.38,573.14,28.92,1.97,32.65,6.01
CD34+ - Calculated Raw values of Means using X-Axis channel(s): Panel/Channel Values,c15_sample2_01_0_E05_D0_PERV.fcs - c15_sample2_01_0_E05_D0_PERV.fcs,28.88,128.5,321.04,13.92,18.04,102.39,374.04,25.02,26.2,78.5,35.45,36.27,252.04,11.21,791.37,117.2,12.24,176.46,18.29,5.58,41.16,194.1,13.44,1.81,8.27,160.56,205.26,331.14,523.81,22.67,1.6,28.57,4.33
CD34+ - Calculated Raw values of Means using X-Axis channel(s): Panel/Channel Values,c07_sample2_01_0_E05_D1_UN.fcs - c07_sample2_01_0_E05_D1_UN.fcs,16.86,60.48,9.45,7.96,3.34,31.22,460.18,24.14,26.28,58.22,51.76,9.56,116.06,17.8,953.71,139.09,13.67,90.35,15.7,7.2,39.16,281.7,76.93,8.3,16.08,80.71,159.34,421.51,613.57,18.28,5.78,102.9,17.19
CD34+ - Calculated Raw values of Means using X-Axis channel(s): Panel/Channel Values,c16_sample2_01_0_E05_D1_PERV.fcs - c16_sample2_01_0_E05_D1_PERV.fcs,44.4,69.02,185.55,11.26,15.17,132.43,417.61,29.28,27.58,68.43,56.91,29.97,145.38,15.8,942.68,123.02,14.93,108.03,19.75,6.5,42.52,245.1,61.14,7.7,12.72,107.69,173.75,387.06,482.86,18.71,6.95,84.09,16.29
CD34+ - Calculated Raw values of Means using X-Axis channel(s): Panel/Channel Values,c08_sample2_01_0_E05_D3_UN.fcs - c08_sample2_01_0_E05_D3_UN.fcs,23.13,23.23,10.72,5.75,3.26,53.88,461.73,27.41,24.17,69.07,49.17,11.01,23.16,9.22,1156,60.44,10.74,17.84,14.73,4.35,29.02,375.7,155.97,3.54,12.93,41.6,86.76,446.5,383.05,7.77,2.93,210.56,4.83
CD34+ - Calculated Raw values of Means using X-Axis channel(s): Panel/Channel Values,c17_sample2_01_0_E05_D3_PERV.fcs - c17_sample2_01_0_E05_D3_PERV.fcs,33.43,31.44,189.18,14.16,11.42,185.78,437.76,26.56,22.83,79.92,55.75,40.28,32.7,9.84,1092.62,70.85,12.34,25.49,16.64,4.3,27.82,330.81,138.72,3.23,10.11,48.31,99.76,395.66,260.94,7.43,4.17,179.53,3.56
CD34+ - Calculated Raw values of Means using X-Axis channel(s): Panel/Channel Values,c07_sample1_01_0_E07_D0_UN.fcs - c07_sample1_01_0_E07_D0_UN.fcs,3.28,12.09,5.76,2.45,1.25,28.73,369.44,7.21,24.27,36.75,31.51,4.19,4.08,12.29,302.06,434.41,18.89,1.54,2.65,2.06,1.88,42.59,10.46,1.19,1.4,11.17,11.34,170.12,227.9,2.34,1.63,26.96,1.79
CD34+ - Calculated Raw values of Means using X-Axis channel(s): Panel/Channel Values,c16_sample1_01_0_D07_D0_PERV.fcs - c16_sample1_01_0_D07_D0_PERV.fcs,4.47,18.23,25.03,4.27,3.64,177.27,455.63,9.3,24.93,41.27,39.72,8.75,5.06,12.56,303.08,443.82,21.92,1.94,2.87,1.98,2.74,34.82,7.7,1.18,1.61,12.18,14.17,164.79,223.49,2.31,2.7,25.68,1.28
CD34+ - Calculated Raw values of Means using X-Axis channel(s): Panel/Channel Values,c08_sample1_01_0_E07_D1_UN.fcs - c08_sample1_01_0_E07_D1_UN.fcs,2.22,7.36,5.55,1.95,1.33,40.04,355.75,5.89,15.57,21.21,19.12,3.75,3.53,9.41,263.99,504.12,20.47,3.24,2.41,1.97,1.9,30.58,6.77,4.26,2.85,11.7,11.63,158.27,219.14,4.8,6.95,26.14,46.41
CD34+ - Calculated Raw values of Means using X-Axis channel(s): Panel/Channel Values,c17_sample1_01_0_D07_D1_PERV.fcs - c17_sample1_01_0_D07_D1_PERV.fcs,4.82,11.76,28.27,4.36,4.53,179.55,471.6,7.93,21.08,37.68,27.09,9.49,2.6,11.15,299.55,475.3,20.26,2.15,2.9,1.8,2.82,33.67,5.73,2.08,1.7,12.3,17.39,151.53,237.51,2.92,6.99,24.54,21.77
CD34+ - Calculated Raw values of Means using X-Axis channel(s): Panel/Channel Values,c01_sample3_01_0_E09_D0_UN.fcs - c01_sample3_01_0_E09_D0_UN.fcs,1.84,46.89,10.35,2.11,1.87,10.97,177.38,6.73,3.23,31.36,3.07,5.38,419.11,3.34,788.66,74.94,10.03,87.64,3.88,4.78,4.15,33.28,7.51,1.85,7.22,191.16,17.62,243.58,324.5,123.64,43.06,12.4,164.71
CD34+ - Calculated Raw values of Means using X-Axis channel(s): Panel/Channel Values,c07_sample3_01_0_E09_D0_PERV.fcs - c07_sample3_01_0_E09_D0_PERV.fcs,4.82,22.59,230.37,14.95,9.44,63.65,217.71,5.21,4.35,54.27,6.6,50.89,180.58,1.98,449.14,80.74,8.92,32.76,4.99,2.55,3.05,15.52,5.58,1.57,4.97,91.37,32.55,121.14,184.16,34.94,27.19,5.4,109.62
CD34+ - Calculated Raw values of Means using X-Axis channel(s): Panel/Channel Values,c02_sample3_01_0_E09_D1_UN.fcs - c02_sample3_01_0_E09_D1_UN.fcs,3.6,13.96,12.07,2.6,6.31,5.83,45.31,6.13,4.53,29.22,2.26,4.4,156.05,5.65,519.05,62.53,6,34.67,4.19,2.69,1.92,37.41,8.8,3.33,4.28,76.88,22.03,104.25,195.48,38.89,36,7.86,151.43
CD34+ - Calculated Raw values of Means using X-Axis channel(s): Panel/Channel Values,c08_sample3_01_0_E09_D1_PERV.fcs - c08_sample3_01_0_E09_D1_PERV.fcs,5.22,20.69,61.39,10.17,26.12,18.85,79.98,10.8,7.63,51.4,2.46,26.33,126.63,6.09,545.57,59.85,14.06,35.53,3.47,1.41,2.65,61.02,19.42,11.98,10.55,58.35,12.79,114.93,161.83,49.24,81,14.67,304.73
CD34+ - Calculated Raw values of Means using X-Axis channel(s): Panel/Channel Values,c03_sample3_01_0_E09_D2_UN.fcs - c03_sample3_01_0_E09_D2_UN.fcs,4.75,4.48,22.03,6.71,3.56,18.03,63.79,5.81,16.06,16.82,19.77,2.79,0.36,4.22,338.25,57.81,20.72,8.78,4.95,1.41,10.49,75.09,3.22,2.59,4.07,43.59,87.7,153.74,42.41,1.99,1.62,3.6,2.47
CD34+ - Calculated Raw values of Means using X-Axis channel(s): Panel/Channel Values,c09_sample3_01_0_E09_D2_PERV.fcs - c09_sample3_01_0_E09_D2_PERV.fcs,1.42,1.38,25.11,2.22,1.67,2.83,20.05,2.71,4.1,19.72,4.25,3.05,0.45,3.3,245,76.17,19.37,4.25,6.26,2.41,5.61,76.67,1.43,1.61,1.91,51.22,47.68,54.24,47.12,1.38,1.59,2.53,8.99
CD34+ - Calculated Raw values of Means using X-Axis channel(s): Panel/Channel Values,c01_sample2_01_0_E12_D0_UN.fcs - c01_sample2_01_0_E12_D0_UN.fcs,1.81,81.43,6.85,1.74,2.81,39.39,549.48,11.33,19.19,31.99,50.12,3.43,5.55,18,494.93,390.01,22.07,2.72,12.8,5.12,35.77,15.03,1.01,1.66,13.64,44.68,204.78,58.43,144.14,2.87,0.65,22.4,2.95
CD34+ - Calculated Raw values of Means using X-Axis channel(s): Panel/Channel Values,c10_sample2_01_0_E12_D0_PERV.fcs - c10_sample2_01_0_E12_D0_PERV.fcs,6.75,104.74,287.04,3.27,23.24,138.2,578.45,22.66,18.05,62.99,44.68,33.47,3.65,18.08,527.36,398.88,29.26,2.87,18.94,4.75,41.87,12.58,3.31,1.6,20.87,43.45,217.95,50.55,138.25,3.74,1.32,19.96,3.26
CD34+ - Calculated Raw values of Means using X-Axis channel(s): Panel/Channel Values,c02_sample2_01_0_E12_D1_UN.fcs - c02_sample2_01_0_E12_D1_UN.fcs,1.69,83.7,5.87,1.53,3.78,50.81,554.91,10.55,16.82,26.79,30.98,2.58,1.7,16.06,457.63,422.73,19.22,1.48,11.9,3.46,26.21,10.43,0.85,0.94,12.35,36.41,175.95,54.56,137.1,2.2,1,19.72,2.91
CD34+ - Calculated Raw values of Means using X-Axis channel(s): Panel/Channel Values,c11_sample2_01_0_E12_D1_PERV.fcs - c11_sample2_01_0_E12_D1_PERV.fcs,5.12,98.83,209.16,3.35,26.51,141.35,567.28,17.92,14.11,45.79,28.47,23.17,3.26,13.75,451,407.6,19.62,1.97,12.98,2.58,27.9,8.67,2.9,1.02,18.04,31.21,157.38,42.3,123.2,2.3,1.13,15.46,4.21
CD34+ - Calculated Raw values of Means using X-Axis channel(s): Panel/Channel Values,c04_sample3_01_0_E13_D0_UN.fcs - c04_sample3_01_0_E13_D0_UN.fcs,0.92,7.7,2.23,1.32,1.41,23.24,281.08,2.87,6.11,14.82,8.78,1.06,33.05,39.66,283.08,151.31,0.64,8.15,1.07,17.12,2.23,52.36,2.61,0.24,0.37,40.89,4.92,142.58,198.71,0.61,1.91,0.78,0.5
CD34+ - Calculated Raw values of Means using X-Axis channel(s): Panel/Channel Values,c10_sample3_01_0_E13_D0_PERV.fcs - c10_sample3_01_0_E13_D0_PERV.fcs,2.19,5.96,64.67,1.32,3.05,60.37,234.26,4.15,4.65,20.38,7.02,7.75,11.89,30.73,267.62,129.38,2.01,2.88,2.86,19.82,3.67,32.91,1.93,0.2,2.5,31.9,24.89,82.4,147.38,0.74,0.72,0.38,1.79
CD34+ - Calculated Raw values of Means using X-Axis channel(s): Panel/Channel Values,c05_sample3_01_0_E13_D1_UN.fcs - c05_sample3_01_0_E13_D1_UN.fcs,2.12,10.9,3.97,1.69,1.51,9.85,250.2,4.55,7.45,18.25,25.78,2.87,52.04,37.6,319.24,136.82,2.22,11.18,2.81,16.87,8.33,132.24,2.48,0.4,0.54,43.08,40.05,115.4,229.89,1.5,1.07,0.85,4.59
CD34+ - Calculated Raw values of Means using X-Axis channel(s): Panel/Channel Values,c11_sample3_01_0_E13_D1_PERV-(1).fcs - c11_sample3_01_0_E13_D1_PERV.fcs,1.99,6.81,48.44,1.05,3.38,80.33,254.96,4.34,5.01,18.86,17.93,4.27,27.43,29.73,291.15,139.54,1.88,9.51,2.68,18.22,1.89,86.33,4.17,0.33,0.4,27.48,12.76,79.86,169.26,1.66,1.51,1.7,1.04
CD34+ - Calculated Raw values of Means using X-Axis channel(s): Panel/Channel Values,c11_sample3_01_0_E13_D1_PERV.fcs - c11_sample3_01_0_E13_D1_PERV.fcs,2.2,5.74,61.84,1.27,3.37,71.12,232.05,3.89,5.01,20.87,18.63,5.7,13.3,28.72,280.15,141,2.51,6.86,3.15,15.89,1.95,88.84,4.99,0.4,0.59,26.39,19.56,77.08,146.84,0.66,1.9,2.49,1.51
CD33+ - Calculated Raw values of Means using X-Axis channel(s): Panel/Channel Values,c09_sample1_01_0_HIMC1_UN.fcs - c09_sample1_01_0_HIMC1_UN.fcs,14.99,6.86,6.34,2.27,1.23,43.44,383.16,15.21,22.71,35.12,52.02,5.21,1.18,3.5,1134.7,1.98,4.77,0.65,8.91,0.68,2.1,448.4,161.8,1.47,0.97,12.95,12.71,148.79,592.22,1.43,2.89,148.9,2.07
CD33+ - Calculated Raw values of Means using X-Axis channel(s): Panel/Channel Values,c18_sample1_01_0_HIMC1_PERV.fcs - c18_sample1_01_0_HIMC1_PERV.fcs,13.73,8.34,263.11,25.29,10.99,223.53,498.85,16.99,22.85,66.2,58.5,45.16,0.75,2.91,1089.86,1.74,4.4,0.94,11.79,0.59,2.61,414.45,151.36,1.57,1,10.46,13.45,133.24,445.85,1.78,4.43,132.17,1.23
CD33+ - Calculated Raw values of Means using X-Axis channel(s): Panel/Channel Values,c09_sample2_01_0_HIMC2_UN.fcs - c09_sample2_01_0_HIMC2_UN.fcs,17.57,8.7,5.98,2.27,1.39,47.23,388.75,18.07,20.98,35.75,62.19,5.81,1.25,4.3,976.61,5.82,3.08,0.62,9.5,0.89,2.22,436.71,158.1,1.28,0.95,12.97,11.18,152.83,603.54,1.8,2.23,140.04,2.27
CD33+ - Calculated Raw values of Means using X-Axis channel(s): Panel/Channel Values,c18_sample2_01_0_HIMC2_PERV.fcs - c18_sample2_01_0_HIMC2_PERV.fcs,16.56,10.2,257.36,27.9,12.72,234.34,503.69,20.4,19.5,70.73,67.48,49.37,0.83,3.25,936.47,5.44,2.51,1.18,12.71,0.83,3.04,402.7,145.71,1.41,0.85,10.08,12.5,139.36,476.43,2.32,3.98,124.79,1.35
CD33+ - Calculated Raw values of Means using X-Axis channel(s): Panel/Channel Values,c06_sample3_01_0_HIMC3_UN.fcs - c06_sample3_01_0_HIMC3_UN.fcs,17.15,2.83,2.64,1.69,0.89,32.58,262.97,9.21,15.81,42.34,29.36,3.14,0.93,2.53,987.26,1.17,1.54,0.89,5.9,0.67,1.31,376,133.5,0.93,0.46,7.79,7.24,123.88,509,1.12,2.22,98.35,1.88
CD33+ - Calculated Raw values of Means using X-Axis channel(s): Panel/Channel Values,c12_sample3_01_0_HIMC3_PERV.fcs - c12_sample3_01_0_HIMC3_PERV.fcs,16.57,3.17,195.62,15.9,8.84,192.77,346.62,11,18.84,69.57,32.7,30.03,0.69,2.14,954.54,1.09,0.84,0.85,8.61,0.49,1.66,363.1,133.22,1.15,0.48,7.12,6.92,115.11,404.3,1.55,3.43,90.86,1.25
CD33+ - Calculated Raw values of Means using X-Axis channel(s): Panel/Channel Values,c01_sample1_01_0_E01_D0_UN.fcs - c01_sample1_01_0_E01_D0_UN.fcs,20.45,12.75,15.86,5.66,2.67,45.91,517.65,24.01,22.17,65.23,41.65,11.23,0.84,6.94,1449.68,5.21,15.55,0.49,12.26,2.11,3.45,862.13,132.7,28.56,1.16,318.61,8.53,264.75,597.08,2.27,1.49,331.4,1.77
CD33+ - Calculated Raw values of Means using X-Axis channel(s): Panel/Channel Values,c10_sample1_01_0_E01_D0_PERV.fcs - c10_sample1_01_0_E01_D0_PERV.fcs,31.24,11.37,233.48,23.81,16.52,164.38,432.21,23.08,25.77,91.63,52.96,49.03,0.68,6.97,1465.04,4.73,14.45,0.92,15.93,1.7,3.07,853.65,127.83,27.74,0.98,317.61,5.9,243.17,534.29,2.77,2.51,314.89,1.5
CD33+ - Calculated Raw values of Means using X-Axis channel(s): Panel/Channel Values,c02_sample1_01_0_E01_D1_UN.fcs - c02_sample1_01_0_E01_D1_UN.fcs,12.2,19,9.77,3.85,2.77,76.26,556.96,21.98,16.73,53.69,26.7,7.2,0.74,6.97,1191,5.51,19.23,0.46,8.03,2.55,4.4,793.32,96.61,7.6,1.32,256.82,12.48,257.02,457.53,1.81,1.92,281.91,1.59
CD33+ - Calculated Raw values of Means using X-Axis channel(s): Panel/Channel Values,c11_sample1_01_0_E01_D1_PERV.fcs - c11_sample1_01_0_E01_D1_PERV.fcs,21.74,18.95,417.57,58.82,28.63,192.52,523.02,22.45,19.72,119.59,34.83,87.23,0.64,7.2,1250.55,5.73,20.37,1.53,14.49,2.22,3.77,777.57,95.49,7.98,1,271.81,7.88,236.23,422.83,3.17,3.13,261.82,1.35
CD33+ - Calculated Raw values of Means using X-Axis channel(s): Panel/Channel Values,c03_sample1_01_0_E01_D2_UN.fcs - c03_sample1_01_0_E01_D2_UN.fcs,8.69,5.59,8.53,4.75,1.74,31.64,373.39,12.75,12.92,42.15,30.14,5.73,1.32,8.01,997.8,18.44,74.33,0.64,5.12,9.37,11.17,567.99,54.21,5.89,3.49,223.12,17.99,309.85,305.42,1.33,6.51,210.92,1.74
CD33+ - Calculated Raw values of Means using X-Axis channel(s): Panel/Channel Values,c12_sample1_01_0_E01_D2_PERV.fcs - c12_sample1_01_0_E01_D2_PERV.fcs,18.09,9.13,238.42,14.56,22.86,160.94,425.27,19.48,15.71,73.13,36.92,48.4,0.8,7.01,1006.15,18.43,71.62,1.17,7.77,7.53,10.08,578.38,53.39,5.32,2.5,219.89,15.11,293.36,257.83,1.9,6.83,205.51,1.39
CD33+ - Calculated Raw values of Means using X-Axis channel(s): Panel/Channel Values,c03_sample2_01_0_E03_D0_UN.fcs - c03_sample2_01_0_E03_D0_UN.fcs,12.09,4.11,3.42,2.63,1.46,14.89,277.02,10.26,56.34,41.91,101.47,3.68,0.36,25.73,130.84,174.2,1.04,0.63,1.13,1.22,0.72,61.76,2.94,1.37,1.11,15.86,4.6,544.59,47.36,3.25,0.82,20.35,1.21
CD33+ - Calculated Raw values of Means using X-Axis channel(s): Panel/Channel Values,c12_sample2_01_0_E03_D0_PERV.fcs - c12_sample2_01_0_E03_D0_PERV.fcs,12.38,5.27,12.2,4.26,11.29,82.38,515.48,47.54,52.94,46.34,106.9,7.77,0.42,26.87,124.58,168.23,1.23,0.67,1.32,1.14,0.96,59.82,2.99,1.64,1.1,14.24,3.97,524.97,38.82,3.86,1.51,19.51,1.16
CD33+ - Calculated Raw values of Means using X-Axis channel(s): Panel/Channel Values,c04_sample2_01_0_E03_D1_UN.fcs - c04_sample2_01_0_E03_D1_UN.fcs,11.21,4.18,3.3,1.99,1.33,14.96,297.19,9.51,56.38,37.83,107.85,3.74,0.35,25.21,138.42,191.88,1.04,0.63,1.23,1.61,0.79,76.95,2.63,1.42,1.04,17.99,4.45,469.2,42.17,3.08,0.69,23.11,1.23
CD33+ - Calculated Raw values of Means using X-Axis channel(s): Panel/Channel Values,c13_sample2_01_0_E03_D1_PERV.fcs - c13_sample2_01_0_E03_D1_PERV.fcs,12.79,5.32,8.25,3.05,5.26,81.56,501.14,35.56,55.75,47.22,111.48,5.73,0.39,26.77,141.27,196.93,1.1,0.7,1.29,1.65,0.91,80.26,2.86,1.49,0.98,18.71,3.88,480.26,42.42,3.15,1.53,23.6,1.12
CD33+ - Calculated Raw values of Means using X-Axis channel(s): Panel/Channel Values,c05_sample2_01_0_E03_D2_UN.fcs - c05_sample2_01_0_E03_D2_UN.fcs,7.6,1.89,3.43,1.93,1.47,12.26,253.35,9.85,41.54,35.6,121.21,3.68,0.37,14.03,166.99,270.93,1.28,0.73,1.21,3.43,0.75,79.08,2.09,1.14,0.85,15.72,4.22,638.86,70.11,3.14,0.59,24.91,1.01
CD33+ - Calculated Raw values of Means using X-Axis channel(s): Panel/Channel Values,c14_sample2_01_0_E03_D2_PERV.fcs - c14_sample2_01_0_E03_D2_PERV.fcs,9.05,2.7,9,2.88,6.01,64.18,437.41,39.64,40.75,42.81,122.96,5.69,0.4,14.27,162.75,268.72,1.41,0.77,1.26,3.43,0.9,79.96,2.29,1.33,0.86,15.76,3.59,652.14,67.84,3.48,1.17,25.11,1.01
CD33+ - Calculated Raw values of Means using X-Axis channel(s): Panel/Channel Values,c04_sample1_01_0_E04_D0_UN.fcs - c04_sample1_01_0_E04_D0_UN.fcs,68.85,17.22,12.66,9.82,6.45,32.81,463.94,24.72,63.43,73.86,169.11,10.23,0.82,2.08,1373.81,25.38,3.2,0.6,9.9,0.91,1.94,759.39,132.31,48.08,1.53,3.65,13.22,126.55,245.17,3.26,8.23,235.89,1.92
CD33+ - Calculated Raw values of Means using X-Axis channel(s): Panel/Channel Values,c13_sample1_01_0_E04_D0_PERV.fcs - c13_sample1_01_0_E04_D0_PERV.fcs,69.39,23.82,189.93,38.94,28.66,195.62,434.09,25.9,78.36,111.4,195.16,51.95,0.8,2.02,1416.38,23.68,4.45,1.14,12.83,0.93,2.3,759.23,132.77,49.23,1.67,3.13,12.86,113.16,225.08,3.79,9.39,220.9,1.84
CD33+ - Calculated Raw values of Means using X-Axis channel(s): Panel/Channel Values,c05_sample1_01_0_E04_D1_UN.fcs - c05_sample1_01_0_E04_D1_UN.fcs,40.71,14.12,7.41,13.18,10.38,55.96,343.56,17.21,29.56,51.66,28.8,6.36,1.28,2.61,1182.73,14.8,3.62,0.79,12.06,0.82,4.2,461.72,120.49,20.43,3.37,8.65,38.58,104.04,336.08,1.95,36.56,140.28,2.05
CD33+ - Calculated Raw values of Means using X-Axis channel(s): Panel/Channel Values,c14_sample1_01_0_E04_D1_PERV.fcs - c14_sample1_01_0_E04_D1_PERV.fcs,65.4,21.72,201.62,41.14,27.57,130.46,314.17,19.47,63.56,100.55,60.18,52.11,0.95,3.2,1291.39,17.75,4.72,1.05,16.95,0.82,3.4,519.12,133.19,29.56,2.28,4.65,25.97,98.86,381.08,2.73,25.83,150.94,2.01
CD33+ - Calculated Raw values of Means using X-Axis channel(s): Panel/Channel Values,c06_sample1_01_0_E04_D2_UN.fcs - c06_sample1_01_0_E04_D2_UN.fcs,19.1,7.5,4.18,17.45,10.12,35.65,164.37,10.97,16.67,35.26,7.71,3.11,1.12,4.23,1032.74,5.26,3.02,0.7,5.11,0.95,4.62,278.26,59.55,11.72,2.9,7.17,35.65,85.79,221.63,1.08,52.29,59.25,2
CD33+ - Calculated Raw values of Means using X-Axis channel(s): Panel/Channel Values,c15_sample1_01_0_E04_D2_PERV.fcs - c15_sample1_01_0_E04_D2_PERV.fcs,45.76,14.53,151.26,26.77,20.16,73.93,184.43,14.6,44.92,71.4,24.79,33.69,1.43,7.39,1279.55,8.71,5.14,1.02,10.13,1.01,7.56,376.82,101.61,22.55,4.21,10.19,54.87,110.14,367.86,1.7,32.45,83.71,1.89
CD33+ - Calculated Raw values of Means using X-Axis channel(s): Panel/Channel Values,c06_sample2_01_0_E05_D0_UN.fcs - c06_sample2_01_0_E05_D0_UN.fcs,13.79,43.86,6,2.89,2.65,67.83,413.96,17.94,22.44,46.58,43.82,5.47,1.66,23.79,829.08,16.44,2.84,1.44,8.6,3.77,7.72,242.11,72.9,1.38,1.44,7.17,49.28,275.49,330.82,2.03,2.87,136.64,2.49
CD33+ - Calculated Raw values of Means using X-Axis channel(s): Panel/Channel Values,c15_sample2_01_0_E05_D0_PERV.fcs - c15_sample2_01_0_E05_D0_PERV.fcs,42.89,30.4,444.52,34.63,18.44,173.9,363.13,15.55,20.96,92.54,52.37,82.08,1.49,19.92,853.89,14.16,3.08,2.46,13.5,2.63,7.49,233.54,81.89,1.24,1.21,5.42,40.01,261.74,257.05,2.63,3.23,128.08,1.35
CD33+ - Calculated Raw values of Means using X-Axis channel(s): Panel/Channel Values,c07_sample2_01_0_E05_D1_UN.fcs - c07_sample2_01_0_E05_D1_UN.fcs,22.09,17.02,7.91,3.83,2.07,47.08,450,22.5,27.23,63.68,57.92,9.14,1.18,15.42,1018.06,17.4,2.63,0.99,10.38,2.51,5.12,313.72,168.58,4.62,1.47,3.78,26.94,314.04,382.99,2.98,2.4,211.42,3.44
CD33+ - Calculated Raw values of Means using X-Axis channel(s): Panel/Channel Values,c16_sample2_01_0_E05_D1_PERV.fcs - c16_sample2_01_0_E05_D1_PERV.fcs,43.61,11.28,188.28,11.18,7.88,170.33,275.69,20.34,27.16,73.57,69.68,36.18,1,13.49,1039.67,13.85,2.46,1.28,12.13,1.96,4.56,310.08,168.52,3.53,1.07,2.98,20.03,303.75,242.83,2.78,3.39,203.8,2.53
CD33+ - Calculated Raw values of Means using X-Axis channel(s): Panel/Channel Values,c08_sample2_01_0_E05_D3_UN.fcs - c08_sample2_01_0_E05_D3_UN.fcs,22.5,12.29,8.78,4.06,2.11,58.03,448.34,23.6,22.64,62.86,61.02,9.15,0.86,8.31,1072.02,10.44,2.21,0.6,10.85,1.84,3.22,378.08,174.48,1.4,0.93,2.39,13.25,290.16,277.24,3.24,2.39,258.3,2.04
CD33+ - Calculated Raw values of Means using X-Axis channel(s): Panel/Channel Values,c17_sample2_01_0_E05_D3_PERV.fcs - c17_sample2_01_0_E05_D3_PERV.fcs,34.37,9.77,278.98,22.01,9.81,221.12,397.8,21.87,19.86,84,69.8,57.89,0.71,7.14,1075.58,9.09,2.58,1.31,14.12,1.54,3.61,361.3,172.7,1.27,0.84,2.01,11.85,277.3,163,3.44,3.83,242.03,1.3
CD33+ - Calculated Raw values of Means using X-Axis channel(s): Panel/Channel Values,c07_sample1_01_0_E07_D0_UN.fcs - c07_sample1_01_0_E07_D0_UN.fcs,9.39,14.66,10.31,3.32,2.21,48.33,431.29,12.4,27.01,53.69,39.63,6.37,0.85,25.43,851.81,267.17,15.88,0.9,6.69,3.48,5.69,199.96,104.17,2.11,3.99,23.52,26.93,229.34,460.95,2.28,6.41,67,2.38
CD33+ - Calculated Raw values of Means using X-Axis channel(s): Panel/Channel Values,c16_sample1_01_0_D07_D0_PERV.fcs - c16_sample1_01_0_D07_D0_PERV.fcs,15.72,16.89,130.84,15.99,9.82,186.6,447.99,15.05,27.33,71.87,48.92,29.32,0.47,23.19,899.9,240.96,16.1,0.97,8.33,3.04,4.32,206.03,108.27,1.86,3,19.25,19.36,213.21,413.01,2.27,7.63,62.01,1.7
CD33+ - Calculated Raw values of Means using X-Axis channel(s): Panel/Channel Values,c08_sample1_01_0_E07_D1_UN.fcs - c08_sample1_01_0_E07_D1_UN.fcs,4.62,13.04,6.41,6.12,2.12,67.42,356.74,8.36,14.1,32.32,19.83,4.12,0.95,24.49,709.22,265.15,14.41,2.03,4.68,3.24,3.07,162.85,66.4,3.54,2.74,15.67,13.99,192.77,397.28,3.63,20.62,55.51,33.67
CD33+ - Calculated Raw values of Means using X-Axis channel(s): Panel/Channel Values,c17_sample1_01_0_D07_D1_PERV.fcs - c17_sample1_01_0_D07_D1_PERV.fcs,10.54,12.69,121.08,22.69,11.82,165.41,389.94,10.18,19.15,59.6,28.15,29.09,0.71,22.9,733.33,222.51,12.79,1.48,6.73,2.83,3.98,163.9,66.95,2.03,2.47,14.98,19.19,177.33,330.91,2.38,21.45,50.96,14.19
CD33+ - Calculated Raw values of Means using X-Axis channel(s): Panel/Channel Values,c01_sample3_01_0_E09_D0_UN.fcs - c01_sample3_01_0_E09_D0_UN.fcs,8.45,2.58,2.1,9.16,1.39,61.96,272.76,6.33,10.84,38.99,4.59,2.22,0.81,6.99,960.86,0.92,1.26,0.39,3.34,0.75,3.95,388.77,65.39,3.06,1.3,16.7,23,47.79,319.59,0.85,31.87,69.34,3.68
CD33+ - Calculated Raw values of Means using X-Axis channel(s): Panel/Channel Values,c07_sample3_01_0_E09_D0_PERV.fcs - c07_sample3_01_0_E09_D0_PERV.fcs,10.96,2.97,453.02,23.48,14.93,220.08,370.78,5.33,8.96,68.26,4.7,56.33,0.35,4.44,935.02,0.56,0.94,0.68,6.21,0.45,3.05,352.07,67.93,2.04,1.03,10.51,17.95,40.35,253.85,1.06,24.62,54.18,1.41
CD33+ - Calculated Raw values of Means using X-Axis channel(s): Panel/Channel Values,c02_sample3_01_0_E09_D1_UN.fcs - c02_sample3_01_0_E09_D1_UN.fcs,1.87,0.36,0.34,10.1,0.38,5.34,11.79,2.83,0.87,10.58,0.31,0.8,0.45,1.47,494.34,0.61,0.37,0.25,0.59,0.39,0.73,118.59,6.42,0.43,0.49,2.38,2.06,12.51,64.62,0.31,87.34,19.28,1.97
CD33+ - Calculated Raw values of Means using X-Axis channel(s): Panel/Channel Values,c08_sample3_01_0_E09_D1_PERV.fcs - c08_sample3_01_0_E09_D1_PERV.fcs,6.52,0.73,19.4,9.27,4.2,26.63,36.8,3.88,1.35,22,0.72,4.91,0.53,2.52,562.56,0.91,0.54,0.38,1.29,0.44,0.89,160.1,13,0.87,0.69,3.8,2.42,16.27,96.76,0.57,77.24,25.4,3.87
CD33+ - Calculated Raw values of Means using X-Axis channel(s): Panel/Channel Values,c03_sample3_01_0_E09_D2_UN.fcs - c03_sample3_01_0_E09_D2_UN.fcs,0.2,0.17,0.31,14.91,0.15,1.43,3.62,2.18,1.48,3.97,0.25,0.78,0.39,0.16,496.55,0.54,0.34,0.57,0.16,0.39,0.64,115.82,1.32,0.42,0.37,1.52,1.57,5.14,14.08,0.25,100.22,14.13,2.56
CD33+ - Calculated Raw values of Means using X-Axis channel(s): Panel/Channel Values,c09_sample3_01_0_E09_D2_PERV.fcs - c09_sample3_01_0_E09_D2_PERV.fcs,0.23,0.17,0.29,14.45,0.16,1.59,4.4,2.57,1.78,4.66,0.26,0.86,0.43,0.2,492.85,0.56,0.34,0.53,0.14,0.45,0.7,111.94,1.3,0.32,0.39,1.45,1.07,4.94,6.79,0.27,96.7,14.66,2.65
CD33+ - Calculated Raw values of Means using X-Axis channel(s): Panel/Channel Values,c01_sample2_01_0_E12_D0_UN.fcs - c01_sample2_01_0_E12_D0_UN.fcs,3.32,55.29,12.93,3,3.06,36.06,454.74,10.5,17.49,29.19,45.58,4.51,0.39,24.8,585.68,233.79,14.07,1.22,15.31,7.99,33.37,78.58,11.13,1.8,14.74,45.68,225.21,62.82,86.48,1.74,2.33,62.59,3.35
CD33+ - Calculated Raw values of Means using X-Axis channel(s): Panel/Channel Values,c10_sample2_01_0_E12_D0_PERV.fcs - c10_sample2_01_0_E12_D0_PERV.fcs,4.28,68.56,160.19,4.81,14.98,110.74,465.32,17.28,15.32,41.73,33.53,18.12,0.32,25.51,522.35,247.95,12.9,1.42,14.47,7.03,28.28,57.15,6.13,1.29,7.63,48.07,160.28,54.24,71.48,2.34,2.04,54.28,2.71
CD33+ - Calculated Raw values of Means using X-Axis channel(s): Panel/Channel Values,c02_sample2_01_0_E12_D1_UN.fcs - c02_sample2_01_0_E12_D1_UN.fcs,3.77,53.95,14.07,2.59,3.81,47.11,443.13,9.86,16.94,26.9,30.85,3.96,0.44,18.35,630.27,235.29,15.63,1.15,19.22,5.8,43.73,90.42,15.58,2.23,16.1,37.63,265.11,68.06,91.95,1.79,2.78,61.65,3.07
CD33+ - Calculated Raw values of Means using X-Axis channel(s): Panel/Channel Values,c11_sample2_01_0_E12_D1_PERV.fcs - c11_sample2_01_0_E12_D1_PERV.fcs,4.52,61.24,154.65,4.46,18.85,107.87,444.94,14.78,14.14,37.04,25.9,17.05,0.44,17.74,516.27,258.55,10.58,1.05,13.6,4.32,26.67,46.01,8.55,1.24,12.66,35.31,170.97,43.48,66.71,1.73,1.63,52.26,2.21
CD33+ - Calculated Raw values of Means using X-Axis channel(s): Panel/Channel Values,c04_sample3_01_0_E13_D0_UN.fcs - c04_sample3_01_0_E13_D0_UN.fcs,10.95,7.98,3.56,4.7,2.16,46.9,435.04,7.64,27.04,64.56,23.06,3.06,0.24,3.56,978.99,1.02,2.97,0.27,9.94,0.94,9.36,306.48,113.91,1.15,2.27,43.17,60.37,194.77,743.66,0.96,10.1,13.57,2.49
CD33+ - Calculated Raw values of Means using X-Axis channel(s): Panel/Channel Values,c10_sample3_01_0_E13_D0_PERV.fcs - c10_sample3_01_0_E13_D0_PERV.fcs,12.55,7.7,533.19,13.98,13.06,221.99,466.91,10.67,28.14,107.06,20.39,55.07,0.27,2.88,999.34,0.71,4.52,0.73,17.31,0.69,17.77,303.98,121,1.57,3.38,45.51,91.5,175.45,581.44,1.84,14.28,13.67,2.08
CD33+ - Calculated Raw values of Means using X-Axis channel(s): Panel/Channel Values,c05_sample3_01_0_E13_D1_UN.fcs - c05_sample3_01_0_E13_D1_UN.fcs,10.4,3.09,5.89,4.14,1.47,26.05,339.44,7.44,24.26,62.26,34.91,3.98,1.27,2.49,1017.65,0.61,6.79,0.6,11.35,0.59,19.35,301.83,128.08,2.46,5.6,44.69,135.25,191.59,648.11,0.94,11.67,17.01,2.82
CD33+ - Calculated Raw values of Means using X-Axis channel(s): Panel/Channel Values,c11_sample3_01_0_E13_D1_PERV-(1).fcs - c11_sample3_01_0_E13_D1_PERV.fcs,12.41,3.19,343.1,8.78,8.12,243.47,379.81,9.11,24.54,90.44,37.77,31.53,0.64,2.81,1108.78,0.86,6.97,0.81,13.34,0.66,19.69,331.32,126.38,2.64,3.88,49.53,109.6,198.65,526.32,1.31,14.13,17.95,1.86
CD33+ - Calculated Raw values of Means using X-Axis channel(s): Panel/Channel Values,c11_sample3_01_0_E13_D1_PERV.fcs - c11_sample3_01_0_E13_D1_PERV.fcs,11.95,2.98,347.63,8.71,7.86,252.74,396.46,8.84,25.18,91.99,37.29,31.11,0.26,2.94,1094.35,0.96,5.2,0.68,12.41,0.53,15.86,328.69,133.94,2.63,3.6,47.78,91.53,217.83,523.03,1.32,12.17,17.9,1.96
Singlet - Calculated Raw values of Means using X-Axis channel(s): Panel/Channel Values,c09_sample1_01_0_HIMC1_UN.fcs - c09_sample1_01_0_HIMC1_UN.fcs,7.32,7.79,4.78,1.21,1.1,18.6,207.31,12.09,17.13,26.51,30.54,3.24,16.24,2.38,948.93,1.79,34.11,10.06,31.56,2.83,71.77,149.54,50.96,2.41,19.44,78.91,454.05,75.59,217.71,7.54,1.7,46.86,4.46
Singlet - Calculated Raw values of Means using X-Axis channel(s): Panel/Channel Values,c18_sample1_01_0_HIMC1_PERV.fcs - c18_sample1_01_0_HIMC1_PERV.fcs,8.6,9.06,139.71,9.22,5.37,90.43,227.16,14.25,19.77,40.18,32.58,23.84,14.52,2.26,927.53,1.6,33.25,9.25,31.73,2.49,66.77,141.07,48.63,2.36,17.97,76.64,408.73,69.63,171.75,6.81,2.23,42.23,4
Singlet - Calculated Raw values of Means using X-Axis channel(s): Panel/Channel Values,c09_sample2_01_0_HIMC2_UN.fcs - c09_sample2_01_0_HIMC2_UN.fcs,8.71,9.63,4,1.21,1.35,20.74,216.56,14.48,16.54,26.61,38.37,3.39,17.33,2.56,823.93,4.47,31.59,10.16,32.43,3.11,71.94,147.8,50.72,2.62,19.57,71.95,443.01,79.99,227.8,7.57,1.52,44.87,5.24
Singlet - Calculated Raw values of Means using X-Axis channel(s): Panel/Channel Values,c18_sample2_01_0_HIMC2_PERV.fcs - c18_sample2_01_0_HIMC2_PERV.fcs,10.56,11.14,144.16,10.25,6.47,97.15,235.94,17.67,17.97,43.1,39.64,26.47,16.03,2.4,810.67,4.45,31.34,10.08,33.46,2.97,68.12,137.64,47.28,2.59,17.38,71.71,410.12,74.95,186.21,7.91,2.17,40.05,4.93
Singlet - Calculated Raw values of Means using X-Axis channel(s): Panel/Channel Values,c06_sample3_01_0_HIMC3_UN.fcs - c06_sample3_01_0_HIMC3_UN.fcs,8.42,4.06,1.71,1.02,0.95,14.89,149.71,7.26,12.69,33.86,16.88,1.92,14.47,2.01,800.75,1.2,23.9,9.6,24.2,2.29,55.28,131.53,43.06,1.84,12.43,39.93,372.61,64.83,197.67,7.01,1.67,31.7,4.56
Singlet - Calculated Raw values of Means using X-Axis channel(s): Panel/Channel Values,c12_sample3_01_0_HIMC3_PERV.fcs - c12_sample3_01_0_HIMC3_PERV.fcs,9.02,4.51,93.77,5.62,4.47,72.24,154.21,8.78,16.48,45.38,17.14,15.72,13.23,1.84,761.16,1.08,24.5,9.14,25.55,2.25,55.56,113.41,37.99,1.89,11.79,40.03,361.26,56.5,145.81,6.66,1.9,25.69,4.51
Singlet - Calculated Raw values of Means using X-Axis channel(s): Panel/Channel Values,c01_sample1_01_0_E01_D0_UN.fcs - c01_sample1_01_0_E01_D0_UN.fcs,17.16,10,13.44,6.58,2.47,34.89,428.94,20.96,21.58,53.72,44.95,9.22,1.45,5.37,1366,4.54,28.25,0.84,25.86,3.54,58.21,639.1,97.81,22.87,16.4,260.5,323.89,221.67,442.95,2.3,1.27,244.01,2.48
Singlet - Calculated Raw values of Means using X-Axis channel(s): Panel/Channel Values,c10_sample1_01_0_E01_D0_PERV.fcs - c10_sample1_01_0_E01_D0_PERV.fcs,48.73,12.22,298.42,22.49,20.72,142.05,399.36,24.73,24.82,85.9,47.19,55.73,1.39,5.63,1391.18,4.24,26.84,1.48,28.28,2.66,49.53,653.73,97.82,22.3,13.47,264.48,265.84,210.29,409.23,3.03,2.17,239.26,2.09
Singlet - Calculated Raw values of Means using X-Axis channel(s): Panel/Channel Values,c02_sample1_01_0_E01_D1_UN.fcs - c02_sample1_01_0_E01_D1_UN.fcs,10.72,11.8,8.11,6.27,2.36,45.72,394.42,17.27,18.19,39.9,36.16,5.45,1.42,4.3,1155.13,4.07,34.43,0.85,34.12,4.97,91.72,461.43,55.82,6.22,24.98,181.41,514.44,176.22,267.8,1.97,1.36,162.42,3.32
Singlet - Calculated Raw values of Means using X-Axis channel(s): Panel/Channel Values,c11_sample1_01_0_E01_D1_PERV.fcs - c11_sample1_01_0_E01_D1_PERV.fcs,57.63,16.83,451.83,43.73,28.41,143.65,429.67,24.37,20.81,98.41,32.17,81.62,1.45,4.76,1204.78,4.37,35.35,2.05,38.09,3.99,81.41,477.2,59.09,6.07,21.08,197.05,433.34,170.32,260.92,3.5,2.32,158.89,2.98
Singlet - Calculated Raw values of Means using X-Axis channel(s): Panel/Channel Values,c03_sample1_01_0_E01_D2_UN.fcs - c03_sample1_01_0_E01_D2_UN.fcs,6.58,3.03,6.34,4.56,1.84,13.47,242.49,10.8,14,27.35,39.16,3.69,2.73,2.97,1077.54,7.91,68.37,1.75,45.2,8.82,142.45,203.82,18.68,6.83,43.89,146.29,829.98,174.36,110.87,1.78,2.94,71.74,4.92
Singlet - Calculated Raw values of Means using X-Axis channel(s): Panel/Channel Values,c12_sample1_01_0_E01_D2_PERV.fcs - c12_sample1_01_0_E01_D2_PERV.fcs,52.13,12.01,464.08,14.02,26.29,108.38,357.94,25.86,17.65,84.29,24.77,74.07,2.47,2.73,1100.34,7.99,69.64,2.77,49.43,6.87,131.9,211.71,20.23,4.3,39.11,146.93,749.21,167.83,95.81,2.95,3.38,70.34,4.6
Singlet - Calculated Raw values of Means using X-Axis channel(s): Panel/Channel Values,c03_sample2_01_0_E03_D0_UN.fcs - c03_sample2_01_0_E03_D0_UN.fcs,5.02,6.05,2.65,2.02,1.24,11.67,287.43,7.85,45.95,34.83,82.88,2.98,0.36,16.93,77.11,222.25,1.54,0.7,1.2,0.8,1.55,15.92,1.11,1.08,3.49,5.78,17.02,386.9,33.68,2.09,0.39,2.97,0.86
Singlet - Calculated Raw values of Means using X-Axis channel(s): Panel/Channel Values,c12_sample2_01_0_E03_D0_PERV.fcs - c12_sample2_01_0_E03_D0_PERV.fcs,5.43,6.04,12.22,2.77,5.78,58.96,466.67,23.75,44.18,39.27,87.51,5.38,0.38,17.66,77.1,215.8,1.62,0.76,1.33,0.81,1.41,15.74,1.39,1.27,3.34,5.33,15.42,382.41,30.1,2.5,0.92,2.99,0.87
Singlet - Calculated Raw values of Means using X-Axis channel(s): Panel/Channel Values,c04_sample2_01_0_E03_D1_UN.fcs - c04_sample2_01_0_E03_D1_UN.fcs,4.54,5.73,2.86,1.68,1.14,13.78,310.23,6.96,43.93,31.78,79.47,2.97,0.37,15.76,84.22,234.3,1.63,0.75,1.6,0.84,2.16,20.17,1.03,1.04,3.61,6.14,21.27,334.6,32.22,1.97,0.41,3.56,0.86
Singlet - Calculated Raw values of Means using X-Axis channel(s): Panel/Channel Values,c13_sample2_01_0_E03_D1_PERV.fcs - c13_sample2_01_0_E03_D1_PERV.fcs,5.36,5.93,14.11,2.06,2.92,61.25,440.64,16.12,43.94,40.75,83.58,4.79,0.41,17.07,86.05,230.08,1.65,0.81,1.69,0.86,2.03,21.62,1.23,1.13,3.41,6.42,18.59,339.83,31.29,2.08,0.9,3.85,0.81
Singlet - Calculated Raw values of Means using X-Axis channel(s): Panel/Channel Values,c05_sample2_01_0_E03_D2_UN.fcs - c05_sample2_01_0_E03_D2_UN.fcs,3.75,2.96,3.02,1.84,1.23,12,261.9,7.53,36.86,31.72,107.61,3.13,0.41,11.65,103.06,263.04,1.53,0.81,1.09,1.98,1.44,28.91,1.04,1.02,2.42,7.1,12.8,453.55,45.11,2.11,0.38,6.34,0.79
Singlet - Calculated Raw values of Means using X-Axis channel(s): Panel/Channel Values,c14_sample2_01_0_E03_D2_PERV.fcs - c14_sample2_01_0_E03_D2_PERV.fcs,4.62,3.62,10.33,2.4,3.4,50.86,410.2,21.99,36.82,39.21,111.15,4.77,0.42,12.14,102.59,258.58,1.63,0.86,1.18,2.01,1.48,30.07,1.28,1.16,2.47,7.25,11.75,459.37,43.37,2.39,0.81,6.68,0.81
Singlet - Calculated Raw values of Means using X-Axis channel(s): Panel/Channel Values,c04_sample1_01_0_E04_D0_UN.fcs - c04_sample1_01_0_E04_D0_UN.fcs,45.03,12.07,9.35,6.79,4.56,22.35,334.7,19.15,43.66,52.82,115.14,7.4,3.84,1.38,1202.17,16.78,12.36,2.41,11.83,1.41,15.12,485.26,84.07,32.41,35.99,39.64,313.07,90.32,161.13,3.01,5.72,149.74,2.18
Singlet - Calculated Raw values of Means using X-Axis channel(s): Panel/Channel Values,c13_sample1_01_0_E04_D0_PERV.fcs - c13_sample1_01_0_E04_D0_PERV.fcs,49.41,18.93,215.11,27.2,24.33,146.91,338.54,22.68,56.68,87.12,135.81,47.53,3.37,1.41,1243.49,16.61,12.5,2.66,14.43,1.22,12.96,513.76,89.91,34.33,28.86,34.61,254.14,85.09,156.02,3.61,6.67,148.71,2.05
Singlet - Calculated Raw values of Means using X-Axis channel(s): Panel/Channel Values,c05_sample1_01_0_E04_D1_UN.fcs - c05_sample1_01_0_E04_D1_UN.fcs,11.97,4.83,3.53,4.36,3.24,16.35,143.96,9.89,11.18,23.3,12.34,2.93,5.61,0.66,903.23,3.99,18.86,4.08,28.79,3,65.92,101.59,25.21,5.97,58.26,67.54,672.52,35.54,82.99,2.42,9.59,29.21,2.54
Singlet - Calculated Raw values of Means using X-Axis channel(s): Panel/Channel Values,c14_sample1_01_0_E04_D1_PERV.fcs - c14_sample1_01_0_E04_D1_PERV.fcs,26.35,10.69,117.36,14.59,17.03,60.03,175.81,15.4,26.42,47.09,25.4,25.83,5.98,1,959.06,6,20.62,4.4,28.59,2.71,57.22,148.54,37.75,9.92,48.79,61.01,570.91,39.95,119.96,3.15,8.11,42.32,2.54
Singlet - Calculated Raw values of Means using X-Axis channel(s): Panel/Channel Values,c06_sample1_01_0_E04_D2_UN.fcs - c06_sample1_01_0_E04_D2_UN.fcs,7.67,3.06,3.27,4.83,2.6,9.07,123.37,9.54,10.17,23.44,17.05,2.07,5.77,0.68,1034.19,1.73,26.86,3.97,40.25,4,104.22,41.2,7.94,4.67,70.16,83.93,928.71,32.32,43.65,2.26,7.66,7.75,3.1
Singlet - Calculated Raw values of Means using X-Axis channel(s): Panel/Channel Values,c15_sample1_01_0_E04_D2_PERV.fcs - c15_sample1_01_0_E04_D2_PERV.fcs,26.53,9.55,179.87,10.59,15.62,51.44,174.95,15.68,19.21,41.36,19.89,25.94,5.59,1.52,1081.35,2.43,25.34,4.11,36.86,2.76,93.05,75.23,19.92,6.48,59.08,76.66,803.13,39.56,84.38,2.48,7.02,15.84,2.4
Singlet - Calculated Raw values of Means using X-Axis channel(s): Panel/Channel Values,c06_sample2_01_0_E05_D0_UN.fcs - c06_sample2_01_0_E05_D0_UN.fcs,9.42,7.33,3.52,3.73,2.14,10.12,164.42,13.67,18.39,22.12,52.23,2.75,4.69,2.52,790.94,4.14,36.57,3.83,60.7,7.53,120.76,23.8,5.69,3.55,26.16,92.53,956.05,142.65,57.36,2.77,0.67,10.11,4.74
Singlet - Calculated Raw values of Means using X-Axis channel(s): Panel/Channel Values,c15_sample2_01_0_E05_D0_PERV.fcs - c15_sample2_01_0_E05_D0_PERV.fcs,49.76,11.6,280.55,10.77,21.06,55.12,199.34,22.77,17.86,43.2,47.08,27.63,4.81,2.52,787.4,4.08,33.58,4.63,60.78,6.2,115.95,25.6,8.65,3.2,23.92,88.66,882.37,139.5,53.78,3.22,0.9,10.65,4.04
Singlet - Calculated Raw values of Means using X-Axis channel(s): Panel/Channel Values,c07_sample2_01_0_E05_D1_UN.fcs - c07_sample2_01_0_E05_D1_UN.fcs,13.09,7.24,5.49,4.87,2.22,14.01,262.64,16.57,21.81,31.77,77.62,4.71,4.01,4.24,961.84,7.17,39.04,3.69,63.34,9.88,137.3,75.37,37.9,6.09,37.35,86.2,921.3,205.2,119.07,3.37,0.98,47.32,4.94
Singlet - Calculated Raw values of Means using X-Axis channel(s): Panel/Channel Values,c16_sample2_01_0_E05_D1_PERV.fcs - c16_sample2_01_0_E05_D1_PERV.fcs,79.81,12.22,379.24,13.13,30.16,96.26,279.97,29.23,22.11,60.52,62.83,41.37,4.45,4.12,976.96,6.62,35.38,4.85,63.72,7.79,127.95,79.83,42.84,5.11,33.77,82.91,821.13,204.94,90.32,4.33,1.56,48.84,3.91
Singlet - Calculated Raw values of Means using X-Axis channel(s): Panel/Channel Values,c08_sample2_01_0_E05_D3_UN.fcs - c08_sample2_01_0_E05_D3_UN.fcs,14.05,6.79,5.89,3.04,2.05,25.88,274.56,17.61,17.89,37.84,57.29,6.17,1.82,3.49,919.7,6.49,29.92,1.75,38.27,5.47,70.6,151.44,65.57,6.05,29.1,64.35,552.65,237.16,122.39,3.04,1.29,96.78,4.76
Singlet - Calculated Raw values of Means using X-Axis channel(s): Panel/Channel Values,c17_sample2_01_0_E05_D3_PERV.fcs - c17_sample2_01_0_E05_D3_PERV.fcs,37.96,8.39,216.96,11.89,15.34,113.22,264.52,20.56,16.37,53.12,53.44,39.08,1.66,3.06,878.34,5.86,25.85,2.13,36.73,4.3,63.24,145.74,66.44,4.78,23.37,57.63,472.53,217.03,79,3.23,1.98,91.81,3.34
Singlet - Calculated Raw values of Means using X-Axis channel(s): Panel/Channel Values,c07_sample1_01_0_E07_D0_UN.fcs - c07_sample1_01_0_E07_D0_UN.fcs,2.9,3.52,3.77,2.25,0.93,9.85,132.46,5.15,9.91,16.89,21.26,1.89,1.44,3.88,404.02,37.95,26.45,0.68,9.33,2.13,52.75,33.09,11.78,0.82,44.26,38,265.94,118.39,68.99,0.92,1.19,7.78,2.09
Singlet - Calculated Raw values of Means using X-Axis channel(s): Panel/Channel Values,c16_sample1_01_0_D07_D0_PERV.fcs - c16_sample1_01_0_D07_D0_PERV.fcs,21.36,7.75,198.02,5.99,9.85,72.48,171.01,11.09,10.87,37.13,16.14,25.02,1.51,4.16,451.18,38.33,27.68,1.05,11.84,1.61,49.48,39.55,14.57,0.87,42.75,39.82,241.77,121.35,70.89,1.36,1.88,8.01,1.9
Singlet - Calculated Raw values of Means using X-Axis channel(s): Panel/Channel Values,c08_sample1_01_0_E07_D1_UN.fcs - c08_sample1_01_0_E07_D1_UN.fcs,1.59,2.76,2.24,2.43,0.69,16.88,92.11,3.37,4.52,11.67,7.59,1.4,1.16,3.97,295.47,38.98,17.09,0.66,3.55,1.08,25.63,30.32,7.4,0.7,18.91,28.14,128.37,113.08,64.77,0.84,3.98,6.41,4.46
Singlet - Calculated Raw values of Means using X-Axis channel(s): Panel/Channel Values,c17_sample1_01_0_D07_D1_PERV.fcs - c17_sample1_01_0_D07_D1_PERV.fcs,8.6,3.99,53.47,6.58,6.37,53.94,113.22,5.35,6.49,22.65,9.1,10.84,1.09,4.41,325.28,38.25,17.61,0.73,4.09,1,22.93,36.27,9.11,0.65,19.09,27.74,117.39,113.2,65.73,0.87,4.51,7.02,2.71
Singlet - Calculated Raw values of Means using X-Axis channel(s): Panel/Channel Values,c01_sample3_01_0_E09_D0_UN.fcs - c01_sample3_01_0_E09_D0_UN.fcs,8.33,1.58,1.16,1.78,1.14,11,154.17,5.18,13.8,23.1,9.61,1.14,4.87,1.42,887.64,0.53,25.83,1.46,39.75,5.37,103.54,65.78,6.1,3.14,33.16,30.36,723.17,75,50.33,2.55,5.16,6.45,6.75
Singlet - Calculated Raw values of Means using X-Axis channel(s): Panel/Channel Values,c07_sample3_01_0_E09_D0_PERV.fcs - c07_sample3_01_0_E09_D0_PERV.fcs,28.35,4.31,461.81,5.31,31.01,91.33,224.54,10.99,12.2,60.84,4.92,56.91,4.37,1.2,867.54,0.48,21.23,1.75,37.31,3.81,91.93,65.68,9.14,1.68,25.62,27.3,598.55,65.11,44.89,2.7,5.11,5.48,3.99
Singlet - Calculated Raw values of Means using X-Axis channel(s): Panel/Channel Values,c02_sample3_01_0_E09_D1_UN.fcs - c02_sample3_01_0_E09_D1_UN.fcs,2.67,0.44,0.47,7.81,0.47,3.84,12.85,2.65,1.04,12.94,0.33,0.77,2.08,0.96,486.45,0.63,2.75,0.64,4.78,0.9,7.89,78.96,2.56,0.66,4.91,9.37,115.03,27.25,32.24,0.89,65.87,8.45,3.32
Singlet - Calculated Raw values of Means using X-Axis channel(s): Panel/Channel Values,c08_sample3_01_0_E09_D1_PERV.fcs - c08_sample3_01_0_E09_D1_PERV.fcs,7.67,0.9,12.3,6,4.37,18.7,32.74,3.83,1.69,23.53,0.99,4.34,3.27,1.96,579.08,0.84,6.61,1.06,8.12,1.29,13.87,95.73,4.96,1.3,8.93,15.31,182.52,38.51,49.28,1.58,49.63,10.15,4.54
Singlet - Calculated Raw values of Means using X-Axis channel(s): Panel/Channel Values,c03_sample3_01_0_E09_D2_UN.fcs - c03_sample3_01_0_E09_D2_UN.fcs,0.17,0.17,0.32,11.73,0.13,1.14,3.01,1.75,1.38,4.2,0.2,0.64,0.38,0.15,407.38,0.56,1.67,0.85,0.32,0.48,1.2,89.44,0.9,0.56,0.78,5.51,9.27,8.21,8.54,0.28,75.98,6.56,2.49
Singlet - Calculated Raw values of Means using X-Axis channel(s): Panel/Channel Values,c09_sample3_01_0_E09_D2_PERV.fcs - c09_sample3_01_0_E09_D2_PERV.fcs,0.2,0.19,0.4,11.82,0.15,1.31,3.99,2.2,1.77,5.66,0.25,0.76,0.43,0.17,422.77,0.7,1.98,0.76,0.32,0.56,1.39,93.03,1,0.61,0.8,6.25,8.38,8.7,6.01,0.3,76.74,8.24,2.68
Singlet - Calculated Raw values of Means using X-Axis channel(s): Panel/Channel Values,c01_sample2_01_0_E12_D0_UN.fcs - c01_sample2_01_0_E12_D0_UN.fcs,6.62,3,4.41,0.57,1.94,4.76,191.25,12.38,21.71,19.04,85.91,2.54,0.78,0.49,862.11,7.67,53.99,0.42,82.09,19.17,204.11,3.88,0.47,4.81,64.23,45.41,1234.53,39.3,8.16,1.98,0.48,0.82,4.53
Singlet - Calculated Raw values of Means using X-Axis channel(s): Panel/Channel Values,c10_sample2_01_0_E12_D0_PERV.fcs - c10_sample2_01_0_E12_D0_PERV.fcs,18.43,29.37,1010.29,3.1,56.11,97.58,345.75,48.16,20.43,109.2,43.9,88.62,0.73,0.48,899.56,8.32,56.25,2.55,97,13.77,196.61,4.3,7.39,2.9,61.34,45.35,1146.44,38.59,7.73,4.94,0.98,0.62,4.02
Singlet - Calculated Raw values of Means using X-Axis channel(s): Panel/Channel Values,c02_sample2_01_0_E12_D1_UN.fcs - c02_sample2_01_0_E12_D1_UN.fcs,6.7,3.29,3.45,0.46,1.81,4.57,191.78,12,20.4,16.91,68.28,2.12,0.72,0.4,859.7,7.36,46.79,0.33,77.97,15.62,192.05,2.77,0.45,2.68,70.05,37.99,1219.25,29.52,7.43,1.71,0.43,0.7,5.86
Singlet - Calculated Raw values of Means using X-Axis channel(s): Panel/Channel Values,c11_sample2_01_0_E12_D1_PERV.fcs - c11_sample2_01_0_E12_D1_PERV.fcs,20.47,29.4,1035.98,3.02,72.78,88.53,321.55,45.06,17.13,100.31,34.23,89.83,0.61,0.39,883.26,7.71,47.67,2.04,90.9,10.83,186.31,2.59,7.2,1.82,63.67,37.24,1100.43,28.54,6.38,4.1,0.85,0.5,4.11
Singlet - Calculated Raw values of Means using X-Axis channel(s): Panel/Channel Values,c04_sample3_01_0_E13_D0_UN.fcs - c04_sample3_01_0_E13_D0_UN.fcs,6.37,3.14,1.3,1.76,1.28,23.6,208.75,4.85,12.99,30.5,14.43,1.53,1.16,2.29,726.81,0.69,23.22,1.13,24.27,2.18,82.57,98.93,21.62,1.98,19.2,67.22,531.23,88.57,239.54,0.7,1.09,0.75,3.33
Singlet - Calculated Raw values of Means using X-Axis channel(s): Panel/Channel Values,c10_sample3_01_0_E13_D0_PERV.fcs - c10_sample3_01_0_E13_D0_PERV.fcs,12.24,4.98,383.93,6.82,23.84,102.09,281.15,11.36,13.77,70.81,9.47,40.98,1.24,2.29,763.03,0.85,24.48,1.76,29.39,2.23,88.21,99.9,25.67,1.73,18.87,71.53,513.76,85.54,201.78,1.29,1.64,0.66,3.58
Singlet - Calculated Raw values of Means using X-Axis channel(s): Panel/Channel Values,c05_sample3_01_0_E13_D1_UN.fcs - c05_sample3_01_0_E13_D1_UN.fcs,4.94,1.13,1.34,0.92,1.11,7.34,134.79,4.18,11.25,24.48,19.3,1.43,1.48,1.58,804.73,0.56,31.68,1.3,29.42,2.31,115.08,66.14,15.5,5.15,27.66,82.72,733.76,76.67,133.87,0.71,1.24,0.68,3.58
Singlet - Calculated Raw values of Means using X-Axis channel(s): Panel/Channel Values,c11_sample3_01_0_E13_D1_PERV-(1).fcs - c11_sample3_01_0_E13_D1_PERV.fcs,10.97,3.56,315.02,2.67,21.36,82.23,216.8,11.06,12.11,57.44,11.96,28.89,1.3,1.85,824.19,0.68,30.12,1.4,30.5,2.15,105.72,76.25,18.02,3.98,24.95,80.04,633.99,74.67,121.49,1.15,1.62,0.68,3.54
Singlet - Calculated Raw values of Means using X-Axis channel(s): Panel/Channel Values,c11_sample3_01_0_E13_D1_PERV.fcs - c11_sample3_01_0_E13_D1_PERV.fcs,10.99,3.75,317.61,2.78,21.87,85.87,226.37,11.07,12.72,57.69,12.41,29.19,1.34,1.82,837.91,0.69,30.06,1.44,30.79,2.19,108.78,79.94,18.64,4.13,25.9,83.74,659.15,77.77,126.8,1.13,1.58,0.7,3.58
Tcells - Calculated Raw values of Means using X-Axis channel(s): Panel/Channel Values,c09_sample1_01_0_HIMC1_UN.fcs - c09_sample1_01_0_HIMC1_UN.fcs,5.49,2.67,4.5,0.53,1.37,6.22,141.68,11.32,19.67,23.6,29.2,2.77,1.14,0.19,1042.65,1.16,41.78,0.54,69.58,5.63,166.97,4.98,1.53,1.53,44.65,63.45,1093.84,25.5,11.48,2.09,0.5,1.32,8.79
Tcells - Calculated Raw values of Means using X-Axis channel(s): Panel/Channel Values,c18_sample1_01_0_HIMC1_PERV.fcs - c18_sample1_01_0_HIMC1_PERV.fcs,9.53,5.41,117.65,1.14,3.18,38.53,135.21,15.96,24.65,31.34,28.13,19.45,0.98,0.18,1039.38,1.11,40.53,0.66,69.48,5.16,159.86,5.14,2.07,1.4,42.11,63.71,1013.3,24.08,10.31,2.23,0.76,1.3,8.57
Tcells - Calculated Raw values of Means using X-Axis channel(s): Panel/Channel Values,c09_sample2_01_0_HIMC2_UN.fcs - c09_sample2_01_0_HIMC2_UN.fcs,6.31,3.88,3.27,0.52,1.71,7.32,148.34,12.93,18.42,23.09,36.99,2.61,1.16,0.26,882.03,3.21,38.38,0.52,69.51,5.92,163.27,3.9,1.42,1.75,43.77,53.46,1042.96,28.8,11.37,2.38,0.48,1.17,10.17
Tcells - Calculated Raw values of Means using X-Axis channel(s): Panel/Channel Values,c18_sample2_01_0_HIMC2_PERV.fcs - c18_sample2_01_0_HIMC2_PERV.fcs,11.22,6.86,125.41,1.31,4,42.69,140.83,19.12,21.59,32.25,35,20.84,1.12,0.23,877.98,3.43,37.59,0.81,69.94,5.66,155.46,4.38,2.4,1.71,38.77,54.45,974.13,28.37,11.15,2.8,0.73,1.21,10.22
Tcells - Calculated Raw values of Means using X-Axis channel(s): Panel/Channel Values,c06_sample3_01_0_HIMC3_UN.fcs - c06_sample3_01_0_HIMC3_UN.fcs,6.34,0.95,1.42,0.45,1.39,5.26,111.64,7.03,16.1,32.02,15.86,1.61,0.92,0.17,831.27,0.64,28.76,0.71,57.53,4.68,137.93,3.08,0.96,1.34,30.52,28.56,958.81,21.75,8.95,1.77,0.67,0.62,9.36
Tcells - Calculated Raw values of Means using X-Axis channel(s): Panel/Channel Values,c12_sample3_01_0_HIMC3_PERV.fcs - c12_sample3_01_0_HIMC3_PERV.fcs,9.47,2.19,70.63,0.88,3.19,33.45,107.09,10.11,22.22,39.29,15.51,13.72,0.86,0.16,812.13,0.63,28.29,0.64,57,4.62,133.51,2.76,1.32,1.35,27.62,29.42,893.74,20.32,8.25,1.88,0.81,0.53,9.65
Tcells - Calculated Raw values of Means using X-Axis channel(s): Panel/Channel Values,c01_sample1_01_0_E01_D0_UN.fcs - c01_sample1_01_0_E01_D0_UN.fcs,9.41,1.89,7.46,10.48,2.15,4.61,188.5,13.22,21.59,23.13,60.92,3.84,0.85,0.23,1208.14,1.53,51.78,0.3,74.5,7.98,240.42,18.68,3.43,2.74,66.76,93.06,1407.26,48.97,19.44,2.22,0.53,6.82,5.1
Tcells - Calculated Raw values of Means using X-Axis channel(s): Panel/Channel Values,c10_sample1_01_0_E01_D0_PERV.fcs - c10_sample1_01_0_E01_D0_PERV.fcs,121.97,15.28,557.48,20.74,35.61,73.04,316.29,31.95,23.84,71.61,32.62,81.36,0.61,0.45,1244.94,1.71,52.36,1.49,80.56,6.16,230.16,16.36,5.39,2.59,61.84,88.95,1309.62,47.34,16.7,3.93,0.95,5.34,4.63
Tcells - Calculated Raw values of Means using X-Axis channel(s): Panel/Channel Values,c02_sample1_01_0_E01_D1_UN.fcs - c02_sample1_01_0_E01_D1_UN.fcs,9.63,1.77,6.08,10.43,1.92,5.14,179.33,11.43,21.26,22.14,52.58,3.17,0.79,0.23,1159.62,1.27,46.95,0.27,76.53,8.52,228.04,14.88,2.4,1.95,61.97,74.65,1317.04,37.45,14.2,2.02,0.51,5.03,6.15
Tcells - Calculated Raw values of Means using X-Axis channel(s): Panel/Channel Values,c11_sample1_01_0_E01_D1_PERV.fcs - c11_sample1_01_0_E01_D1_PERV.fcs,124.52,13.59,536.9,22.04,28.89,69.33,295.06,28.19,23.65,68.46,30.03,76.44,0.64,0.4,1188.42,1.54,49.42,1.45,82.81,6.97,220.48,12.25,4.54,1.92,57.25,74.35,1216.41,36.61,11.71,3.87,0.97,3.78,5.89
Tcells - Calculated Raw values of Means using X-Axis channel(s): Panel/Channel Values,c03_sample1_01_0_E01_D2_UN.fcs - c03_sample1_01_0_E01_D2_UN.fcs,6.21,1.06,5.23,4.83,2.06,4.05,173.7,10.14,15.61,20.27,49.29,2.7,0.63,0.15,1173.23,1.32,54.86,0.25,76.61,9.09,239.9,6.36,0.99,2.02,73.79,97.89,1454.47,45.12,8.47,1.84,0.54,1.89,7.42
Tcells - Calculated Raw values of Means using X-Axis channel(s): Panel/Channel Values,c12_sample1_01_0_E01_D2_PERV.fcs - c12_sample1_01_0_E01_D2_PERV.fcs,79.44,13.58,629.18,15.31,28.28,81.07,335.45,30.82,19.76,96.12,20.27,92.07,0.48,0.29,1204.59,1.43,56.27,1.53,82.95,6.81,224.56,6.63,3.7,1.96,66.89,97.7,1328.99,42.56,7.52,3.47,1.09,1.7,7.11
Tcells - Calculated Raw values of Means using X-Axis channel(s): Panel/Channel Values,c03_sample2_01_0_E03_D0_UN.fcs - c03_sample2_01_0_E03_D0_UN.fcs,8.87,3.77,9.8,1.13,1.85,7.37,205.85,13.76,22.5,25.98,56.26,3.74,0.88,2.67,1039.97,41.31,41.98,0.68,48.61,3.89,68.71,13.5,0.96,2.77,183.1,32.48,1039.33,96.85,22.67,2,0.43,1.26,4.58
Tcells - Calculated Raw values of Means using X-Axis channel(s): Panel/Channel Values,c12_sample2_01_0_E03_D0_PERV.fcs - c12_sample2_01_0_E03_D0_PERV.fcs,17.67,12.15,525.73,2.66,43.65,85.04,284.65,27.98,20.33,46.88,38.2,46.77,0.75,2.4,1109.68,27.7,44.88,1.75,55.46,2.85,54.82,13.23,4.79,2.25,192.06,30.57,1026.6,70.7,20.78,3.93,0.96,0.96,4.62
Tcells - Calculated Raw values of Means using X-Axis channel(s): Panel/Channel Values,c04_sample2_01_0_E03_D1_UN.fcs - c04_sample2_01_0_E03_D1_UN.fcs,11.23,1.94,23.42,1.29,2.96,7.82,195.65,13.27,23.58,28.14,70.44,4.61,0.8,2.62,1014.24,44.3,42.11,0.46,59.8,5.06,82.77,11.68,0.93,1.79,156.42,31.54,1076.6,86.18,13.93,2.07,0.5,1.11,4.82
Tcells - Calculated Raw values of Means using X-Axis channel(s): Panel/Channel Values,c13_sample2_01_0_E03_D1_PERV.fcs - c13_sample2_01_0_E03_D1_PERV.fcs,17.48,9.57,548.43,2.5,30.3,80.67,286.69,25.91,23.59,56.11,48.77,46.69,0.62,3.04,1029.21,41.03,42.78,1.88,65.53,3.85,71.38,10.57,4.95,2,156.69,31.76,998.74,83.58,16.48,3.84,0.94,0.91,4.55
Tcells - Calculated Raw values of Means using X-Axis channel(s): Panel/Channel Values,c05_sample2_01_0_E03_D2_UN.fcs - c05_sample2_01_0_E03_D2_UN.fcs,9.72,2.4,29.08,2.1,3.47,12.09,209.51,14.57,24.3,32.74,70.01,5.04,1.22,2.79,988.48,81.89,40.6,0.93,46.04,4.43,67.03,20.11,1.06,2.46,158.75,41.17,1027.62,173.98,31.73,2.29,0.54,1.97,7.29
Tcells - Calculated Raw values of Means using X-Axis channel(s): Panel/Channel Values,c14_sample2_01_0_E03_D2_PERV.fcs - c14_sample2_01_0_E03_D2_PERV.fcs,16.46,8.85,437.69,3.81,22.83,78.75,310.59,28.37,24.24,55.6,60.12,40.74,0.64,3.46,1018.91,76.79,42.32,1.69,51.92,3.77,62.65,21.14,4.02,2.36,172.06,41.48,991.42,168.11,22.92,3.59,1.01,1.99,6.68
Tcells - Calculated Raw values of Means using X-Axis channel(s): Panel/Channel Values,c04_sample1_01_0_E04_D0_UN.fcs - c04_sample1_01_0_E04_D0_UN.fcs,7.85,2.05,6.18,1.24,2.07,5.62,151.94,12.76,14.74,22.02,36.75,3.27,0.76,0.23,1255.24,2.52,33.7,0.26,25.04,3.35,59.9,27.16,5.07,4.13,151.95,86.83,1342.47,20.39,11.56,1.12,0.61,7.5,3.94
Tcells - Calculated Raw values of Means using X-Axis channel(s): Panel/Channel Values,c13_sample1_01_0_E04_D0_PERV.fcs - c13_sample1_01_0_E04_D0_PERV.fcs,15.57,10.61,405.92,3.82,25.05,68.24,214.54,23.25,19.75,53.11,27.79,56.57,0.69,0.22,1295.96,2.91,36.12,1.13,30.21,2.79,57.5,31.36,8.03,4.08,140.78,88.14,1267.98,20.38,12.03,2.4,1.2,8.6,3.86
Tcells - Calculated Raw values of Means using X-Axis channel(s): Panel/Channel Values,c05_sample1_01_0_E04_D1_UN.fcs - c05_sample1_01_0_E04_D1_UN.fcs,6.84,1.3,3.72,2.03,1.99,7.65,114.9,10.31,8.83,19.68,11.7,2.41,0.64,0.24,1072.41,1.35,28.76,0.28,47.41,4.89,115.17,9.62,2.43,1.79,102.96,76.31,1194.34,13.55,9.3,1.22,0.58,2.9,3.59
Tcells - Calculated Raw values of Means using X-Axis channel(s): Panel/Channel Values,c14_sample1_01_0_E04_D1_PERV.fcs - c14_sample1_01_0_E04_D1_PERV.fcs,17.18,6.11,120.57,5.68,18.88,43.24,164.1,18.6,16.87,33.63,17.89,21.39,0.68,0.25,1108.31,1.76,34.4,0.52,48.97,4.84,113.31,10.99,3.59,2.14,97.7,74.39,1151.68,13.92,9.98,1.83,0.85,3.18,3.78
Tcells - Calculated Raw values of Means using X-Axis channel(s): Panel/Channel Values,c06_sample1_01_0_E04_D2_UN.fcs - c06_sample1_01_0_E04_D2_UN.fcs,6.94,0.99,3.55,3.14,1.72,5.31,121.57,9.93,10.43,23.14,21.53,2.08,0.54,0.19,1111.25,1.15,31.51,0.3,54.15,5.14,140.69,3.77,0.88,1.77,94.89,75.08,1263.77,15.68,4.77,1.26,0.5,0.81,3.7
Tcells - Calculated Raw values of Means using X-Axis channel(s): Panel/Channel Values,c15_sample1_01_0_E04_D2_PERV.fcs - c15_sample1_01_0_E04_D2_PERV.fcs,26.87,7.77,216.61,8.06,17.23,52.32,196.72,18.01,15.4,38.55,22.47,28.06,0.58,0.24,1141.89,1.15,31.87,0.55,52.32,3.73,136.03,8.05,2.98,1.85,86.48,72.18,1185.6,16.63,8.1,1.5,0.88,1.93,2.96
Tcells - Calculated Raw values of Means using X-Axis channel(s): Panel/Channel Values,c06_sample2_01_0_E05_D0_UN.fcs - c06_sample2_01_0_E05_D0_UN.fcs,9.8,2.12,3.48,4.04,1.97,5.24,143.33,13.32,18.67,19.89,56.88,2.28,0.58,0.3,815.95,2.93,37.61,0.33,72.78,8.71,140.08,1.91,0.82,1.82,30.63,85.74,1154.53,48.71,13.04,2.13,0.43,0.93,4.74
Tcells - Calculated Raw values of Means using X-Axis channel(s): Panel/Channel Values,c15_sample2_01_0_E05_D0_PERV.fcs - c15_sample2_01_0_E05_D0_PERV.fcs,56.29,8.12,292.61,9.51,23.32,47.45,193.53,24.55,18.06,40.14,50.21,24.5,0.51,0.35,815.77,2.91,34.92,0.87,73.54,7.28,136.58,1.82,2.63,1.53,28.43,82.5,1085.33,46.78,12.3,2.8,0.68,0.75,4.04
Tcells - Calculated Raw values of Means using X-Axis channel(s): Panel/Channel Values,c07_sample2_01_0_E05_D1_UN.fcs - c07_sample2_01_0_E05_D1_UN.fcs,11.77,1.6,5.11,5.68,2.19,4.26,217.35,15.27,21.85,23.49,94.37,3.29,0.81,0.38,1033.14,3.86,51.22,0.37,92.04,14.03,196.04,3.06,1.71,2.31,54.04,98.08,1380.97,72.65,20.56,2.96,0.53,1.83,5.47
Tcells - Calculated Raw values of Means using X-Axis channel(s): Panel/Channel Values,c16_sample2_01_0_E05_D1_PERV.fcs - c16_sample2_01_0_E05_D1_PERV.fcs,105.26,10.06,502.78,15.57,42.46,79.28,307.12,34.67,22.29,62.29,68.98,48.33,0.6,0.5,1050.21,4.12,47.01,1.46,94.65,11.35,189.62,2.79,4.8,1.96,50.32,95.93,1273.87,71.72,19.39,4.48,0.96,1.45,4.41
Tcells - Calculated Raw values of Means using X-Axis channel(s): Panel/Channel Values,c08_sample2_01_0_E05_D3_UN.fcs - c08_sample2_01_0_E05_D3_UN.fcs,11.63,1.95,4.59,3.03,2.18,5.99,188.66,15.61,18.11,23.66,70.31,5.25,0.87,0.38,970.78,3.98,41.2,0.38,77.62,10.53,145.65,6.6,2.63,2.48,60.5,95.38,1242.67,72.51,23.29,2.93,0.51,3.54,8.34
Tcells - Calculated Raw values of Means using X-Axis channel(s): Panel/Channel Values,c17_sample2_01_0_E05_D3_PERV.fcs - c17_sample2_01_0_E05_D3_PERV.fcs,58.64,8.06,258.08,8.12,26.63,60.99,240.02,25.32,17.69,40.74,58.09,39.48,0.66,0.45,945.91,3.86,37.1,0.96,76.21,8.78,139.36,5.55,4.15,2.04,51.77,91.79,1136.85,68.46,20.78,3.59,0.85,2.95,6.34
Tcells - Calculated Raw values of Means using X-Axis channel(s): Panel/Channel Values,c07_sample1_01_0_E07_D0_UN.fcs - c07_sample1_01_0_E07_D0_UN.fcs,8.7,2.13,7.73,1.28,2.71,4.87,282.46,12.29,23.69,26.13,75.34,3.53,0.67,0.47,1329.49,3.13,90.62,0.3,48.83,8.93,297.81,9.87,1.85,1.97,250.6,144.51,1530.26,123.22,46.28,1.28,0.79,1.62,8.55
Tcells - Calculated Raw values of Means using X-Axis channel(s): Panel/Channel Values,c16_sample1_01_0_D07_D0_PERV.fcs - c16_sample1_01_0_D07_D0_PERV.fcs,100.24,17.31,929.15,7.76,40.33,101.66,424.8,36.95,27.31,106.05,33.5,103.06,0.54,0.6,1382.61,3.57,88.17,1.65,59.56,5.86,273.95,8.53,6.26,2.41,237.46,144.43,1369.8,119.27,45.71,3.41,1.5,1.16,7.92
Tcells - Calculated Raw values of Means using X-Axis channel(s): Panel/Channel Values,c08_sample1_01_0_E07_D1_UN.fcs - c08_sample1_01_0_E07_D1_UN.fcs,7.2,2.04,6.56,1.42,2.12,10.64,188.35,9.32,12.04,22.07,30.08,4.19,0.9,0.92,1155.65,4.57,63.42,1,26.62,4.76,220.47,11.21,2.6,2.46,163.4,140.47,1153.9,201.38,86.46,1.92,1.97,2.08,17.43
Tcells - Calculated Raw values of Means using X-Axis channel(s): Panel/Channel Values,c17_sample1_01_0_D07_D1_PERV.fcs - c17_sample1_01_0_D07_D1_PERV.fcs,56.79,9.03,253.15,5.67,33.71,74.16,268.73,20.63,17.69,53.56,25.92,43.57,0.58,1.22,1215.5,5.28,62.28,0.63,27.63,3.98,200.66,14.73,2.86,1.64,167.5,130.93,1079.38,201.01,91.86,1.46,1.36,1.62,5.17
Tcells - Calculated Raw values of Means using X-Axis channel(s): Panel/Channel Values,c01_sample3_01_0_E09_D0_UN.fcs - c01_sample3_01_0_E09_D0_UN.fcs,10.49,0.71,1.09,0.77,1.35,4.88,143,5.48,17.75,22.14,12.66,1.05,0.38,0.13,920.6,0.38,20.8,0.18,58.47,7.45,151.27,2.59,0.36,0.9,48.62,21.76,1070.67,25.25,14.5,0.89,0.93,0.26,9.2
Tcells - Calculated Raw values of Means using X-Axis channel(s): Panel/Channel Values,c07_sample3_01_0_E09_D0_PERV.fcs - c07_sample3_01_0_E09_D0_PERV.fcs,40.35,4.13,544.26,3.06,40.63,80.33,223.31,14.31,15.97,70.74,5.85,65.27,0.36,0.12,909.63,0.37,16.88,0.67,56.18,5.53,140,2.24,3.2,0.89,39.19,20.67,924.13,21.23,11.63,1.48,1.27,0.23,5.52
Tcells - Calculated Raw values of Means using X-Axis channel(s): Panel/Channel Values,c02_sample3_01_0_E09_D1_UN.fcs - c02_sample3_01_0_E09_D1_UN.fcs,13.05,0.42,0.77,0.71,1.38,4.41,41.13,3.82,2.71,30.53,0.96,1.21,0.41,0.24,779.41,0.52,4.82,0.25,35.77,3.72,57.37,2.99,0.36,0.92,35.55,25.94,906.2,25.75,25.41,0.9,1.3,0.25,13.66
Tcells - Calculated Raw values of Means using X-Axis channel(s): Panel/Channel Values,c08_sample3_01_0_E09_D1_PERV.fcs - c08_sample3_01_0_E09_D1_PERV.fcs,18.55,0.62,2.98,0.89,4.07,19.09,52.91,5.54,3.52,34.06,2.8,3.82,0.42,0.21,825.44,0.63,9.67,0.27,37.16,4.55,64.39,2.88,0.46,1.06,41.16,27.38,895.57,24.12,23.21,1.15,1.04,0.22,10.97
Tcells - Calculated Raw values of Means using X-Axis channel(s): Panel/Channel Values,c03_sample3_01_0_E09_D2_UN.fcs - c03_sample3_01_0_E09_D2_UN.fcs,0.55,0.53,1.38,1.25,0.66,0.87,5.63,2.15,4.98,14.74,1.01,0.66,0.46,0.13,511.78,1.25,7.09,2.94,11.01,2.92,36.39,9.71,0.64,0.89,25.14,29.69,456.98,23.64,22.02,0.5,3.84,0.66,14.9
Tcells - Calculated Raw values of Means using X-Axis channel(s): Panel/Channel Values,c09_sample3_01_0_E09_D2_PERV.fcs - c09_sample3_01_0_E09_D2_PERV.fcs,0.27,0.4,1.41,1.02,0.83,0.65,5.04,2.64,6.18,16.53,0.79,0.77,0.36,0.1,513.84,1.83,10.47,2.05,11.64,2.99,48.18,10.46,0.56,1.11,28.46,48.57,471.17,31.67,30.51,0.69,1.03,0.42,13.93
Tcells - Calculated Raw values of Means using X-Axis channel(s): Panel/Channel Values,c01_sample2_01_0_E12_D0_UN.fcs - c01_sample2_01_0_E12_D0_UN.fcs,7.13,1.5,4.34,0.53,2.03,4.04,188.6,12.72,23.01,19.45,92.21,2.57,0.49,0.15,898.91,2.66,52.71,0.24,89.72,20.82,222.2,0.92,0.46,1.62,69.44,44.21,1349.51,27.92,5.42,2.02,0.46,0.45,4.84
Tcells - Calculated Raw values of Means using X-Axis channel(s): Panel/Channel Values,c10_sample2_01_0_E12_D0_PERV.fcs - c10_sample2_01_0_E12_D0_PERV.fcs,19.82,29.55,1073.66,3.08,59.73,99.62,356.69,51.12,21.57,116.09,46.51,91.78,0.38,0.16,932.81,3.18,54.36,2.48,105.45,14.89,213.44,1.02,7.74,1.65,66.01,43.91,1249.93,26.36,4.95,5.1,0.96,0.28,4.27
Tcells - Calculated Raw values of Means using X-Axis channel(s): Panel/Channel Values,c02_sample2_01_0_E12_D1_UN.fcs - c02_sample2_01_0_E12_D1_UN.fcs,6.99,1.96,3.43,0.45,1.82,3.76,187.95,12.22,21.04,17.07,71.16,2.15,0.52,0.15,881.25,2.3,45.78,0.2,82.13,16.38,201.54,1.02,0.42,1.41,73.36,36.94,1284.48,22.31,4.79,1.7,0.41,0.4,6.1
Tcells - Calculated Raw values of Means using X-Axis channel(s): Panel/Channel Values,c11_sample2_01_0_E12_D1_PERV.fcs - c11_sample2_01_0_E12_D1_PERV.fcs,21.4,29.08,1074.9,3.04,75.7,88.77,323.98,46.64,17.64,104.15,35.38,92.18,0.36,0.15,904.02,2.56,46.53,1.94,95.54,11.31,195.44,0.93,7.31,1.43,66.68,36.25,1158.54,21.65,4.03,4.16,0.84,0.25,4.21
Tcells - Calculated Raw values of Means using X-Axis channel(s): Panel/Channel Values,c04_sample3_01_0_E13_D0_UN.fcs - c04_sample3_01_0_E13_D0_UN.fcs,6.45,0.56,0.97,2,1.34,3.69,102.13,4.7,12.58,22.37,18.74,1.03,0.21,0.09,809.59,0.32,39.39,0.17,44.97,3.85,161.6,2.37,0.47,0.88,37.31,95.22,1065.42,19.03,19.96,0.74,0.92,0.19,4.37
Tcells - Calculated Raw values of Means using X-Axis channel(s): Panel/Channel Values,c10_sample3_01_0_E13_D0_PERV.fcs - c10_sample3_01_0_E13_D0_PERV.fcs,16.58,3.73,348.19,3.46,36.14,46.72,201.91,15.67,13.11,65.21,10,34.07,0.24,0.14,830.26,0.41,39.81,0.56,49.03,3.53,163.67,2.5,2.34,0.95,34.72,96.74,979.57,18.02,19.45,1.33,1.24,0.2,4.34
Tcells - Calculated Raw values of Means using X-Axis channel(s): Panel/Channel Values,c05_sample3_01_0_E13_D1_UN.fcs - c05_sample3_01_0_E13_D1_UN.fcs,4.54,0.43,0.96,0.77,1.25,2.72,97,3.82,11.27,19.55,22.23,0.94,0.33,0.1,833.71,0.27,37.56,0.2,43.44,3.2,170.68,3.27,0.64,0.9,40.21,97.52,1114.06,17.02,17.37,0.68,1.12,0.25,4.1
Tcells - Calculated Raw values of Means using X-Axis channel(s): Panel/Channel Values,c11_sample3_01_0_E13_D1_PERV-(1).fcs - c11_sample3_01_0_E13_D1_PERV.fcs,13.84,4.11,362.77,2.06,31.06,56.54,218.72,14.12,12.6,61.07,10.59,33.55,0.33,0.13,851.66,0.33,36.48,0.56,46.1,2.97,164.43,3.9,2.51,0.95,37.65,95.15,1008.35,18.24,18.86,1.2,1.39,0.23,4.4
Tcells - Calculated Raw values of Means using X-Axis channel(s): Panel/Channel Values,c11_sample3_01_0_E13_D1_PERV.fcs - c11_sample3_01_0_E13_D1_PERV.fcs,13.99,4.34,367.97,2.1,32.07,58.79,229.6,14.23,13.28,61.65,10.93,33.95,0.35,0.14,870.17,0.34,36.93,0.57,47,3,170.96,3.93,2.1,0.96,39.48,99.77,1060.17,18.4,18.83,1.2,1.34,0.21,4.52
Bcell - Calculated Raw values of Means using X-Axis channel(s): Panel/Channel Values,c09_sample1_01_0_HIMC1_UN.fcs - c09_sample1_01_0_HIMC1_UN.fcs,2.56,80.63,6.13,1.42,1.38,5.99,270.81,19.33,20.28,41.68,8.08,2.61,295.52,0.33,1120.33,6.43,4.93,185.51,1.22,3.77,44.22,15.13,2.45,0.7,1.16,597.48,11.53,44.86,502.44,112.07,6.01,2.01,4.51
Bcell - Calculated Raw values of Means using X-Axis channel(s): Panel/Channel Values,c18_sample1_01_0_HIMC1_PERV.fcs - c18_sample1_01_0_HIMC1_PERV.fcs,2.58,75.25,94.7,17.47,4.17,25.29,148.59,17.5,30.75,60.3,10.2,17.18,267.22,0.76,1080.88,5.62,4.31,168.17,2.4,3.27,38.28,14.49,2.81,0.51,1.29,579.02,13.19,39.16,459.15,97.12,5.53,1.9,2.65
Bcell - Calculated Raw values of Means using X-Axis channel(s): Panel/Channel Values,c09_sample2_01_0_HIMC2_UN.fcs - c09_sample2_01_0_HIMC2_UN.fcs,3.05,88.37,4.39,1.73,1.44,6.71,273.4,23.82,19.21,32.72,10.58,2.47,305.16,0.39,930.29,10.44,3.17,180.44,0.92,4.24,42.86,11.52,1.97,0.51,1.34,536.75,8.98,44.68,534.56,105.79,7.25,1.75,4.19
Bcell - Calculated Raw values of Means using X-Axis channel(s): Panel/Channel Values,c18_sample2_01_0_HIMC2_PERV.fcs - c18_sample2_01_0_HIMC2_PERV.fcs,3.56,79.09,116.25,25.62,6.38,35.44,163.32,21.08,25.54,66.1,13.18,25.22,265.77,0.55,875.94,9.68,2.51,162.82,2.72,3.9,38.12,18.21,4.02,0.5,1.25,499.02,12.05,43.91,482.23,100.22,6.51,2.42,2.47
Bcell - Calculated Raw values of Means using X-Axis channel(s): Panel/Channel Values,c06_sample3_01_0_HIMC3_UN.fcs - c06_sample3_01_0_HIMC3_UN.fcs,2.48,48.75,2.58,1.34,0.84,5.37,194.22,9.45,12.04,51.38,3.63,1.45,261.83,0.3,936.15,4.69,2.14,174.25,1.17,4.25,29.79,12.76,1.78,0.28,0.93,294.79,15.74,35.3,483.69,108.05,3.97,1.43,3.83
Bcell - Calculated Raw values of Means using X-Axis channel(s): Panel/Channel Values,c12_sample3_01_0_HIMC3_PERV.fcs - c12_sample3_01_0_HIMC3_PERV.fcs,2.6,47.6,66.81,12.09,3.85,19.16,108.46,9.24,21.94,62.54,4.63,11.42,240.06,0.19,886.98,4.59,1.19,163.84,1.49,2.93,26.51,11.22,2.25,0.31,0.74,283.63,10.05,32.77,443.61,99.61,4.32,1.15,2.36
Bcell - Calculated Raw values of Means using X-Axis channel(s): Panel/Channel Values,c01_sample1_01_0_E01_D0_UN.fcs - c01_sample1_01_0_E01_D0_UN.fcs,10.27,56.02,11.79,4.99,4.62,16.83,332.89,25.11,36.46,119,32,5.36,222.45,4.34,1202,32.61,8.02,156.8,3.69,17.54,95.95,252.93,31.32,4.45,1.5,818.65,26.52,441.76,571.32,43.82,10.74,71.56,8.12
Bcell - Calculated Raw values of Means using X-Axis channel(s): Panel/Channel Values,c10_sample1_01_0_E01_D0_PERV.fcs - c10_sample1_01_0_E01_D0_PERV.fcs,31.73,72.38,1142.3,304.83,79.61,293.54,636.04,32.07,29.47,410.34,24.71,285.71,161.57,5.85,1095.31,21.21,22.33,113.68,21.91,8.3,62.66,353.5,38.93,2.57,0.63,556.46,14.51,314.11,485.04,22.39,9.43,91.74,3.26
Bcell - Calculated Raw values of Means using X-Axis channel(s): Panel/Channel Values,c02_sample1_01_0_E01_D1_UN.fcs - c02_sample1_01_0_E01_D1_UN.fcs,6.29,57.52,14.15,5.19,3.43,26.81,360.41,24.25,31.28,136.05,31.34,5.31,199.97,4.96,1121.73,36.52,7.85,148.11,5.29,17.58,86.69,258.28,22.22,1.28,0.85,756.45,41.3,378.41,520.41,38.64,10.79,69.15,8.25
Bcell - Calculated Raw values of Means using X-Axis channel(s): Panel/Channel Values,c11_sample1_01_0_E01_D1_PERV.fcs - c11_sample1_01_0_E01_D1_PERV.fcs,28.4,71.79,1565.51,488.65,107.25,430.38,771.85,26.51,24.1,576.51,16.08,389.23,108.71,3.46,989.51,13.75,17.67,96.98,28.48,9.31,52.3,373.76,39.67,2.1,0.56,477.94,25.04,286.06,379.25,26.56,12.35,99.14,12.14
Bcell - Calculated Raw values of Means using X-Axis channel(s): Panel/Channel Values,c03_sample1_01_0_E01_D2_UN.fcs - c03_sample1_01_0_E01_D2_UN.fcs,7.12,58.36,7.09,3.84,4.26,13.2,298.73,20.32,25.06,47.13,21.34,3.78,259.89,3.25,1125.21,31.46,7.27,192.33,2.83,11.72,123.82,221.13,11.22,1.48,2.7,808.84,40.37,565.16,481.9,32.13,9.47,38.18,4.61
Bcell - Calculated Raw values of Means using X-Axis channel(s): Panel/Channel Values,c12_sample1_01_0_E01_D2_PERV.fcs - c12_sample1_01_0_E01_D2_PERV.fcs,19.7,65.13,418.31,37.62,33.69,117.52,388,29.91,32.17,167.27,20.15,68.85,206.09,3.12,1078.25,28.46,16.26,172.96,8.48,22.24,103.56,188.78,11.61,1.39,6.18,744.99,67.88,502.93,451.3,25,9.92,35.42,6.52
Bcell - Calculated Raw values of Means using X-Axis channel(s): Panel/Channel Values,c03_sample2_01_0_E03_D0_UN.fcs - c03_sample2_01_0_E03_D0_UN.fcs,6.71,72.95,24.7,3.51,6.28,20.04,287.6,28.12,24.57,291.5,35.18,7.33,137.86,15.14,612.07,53.54,5.11,117.9,2.69,11.01,127.56,21.16,1.78,0.73,1.88,323.28,28.43,1147.67,695.96,16.37,5.37,2.5,6.62
Bcell - Calculated Raw values of Means using X-Axis channel(s): Panel/Channel Values,c12_sample2_01_0_E03_D0_PERV.fcs - c12_sample2_01_0_E03_D0_PERV.fcs,8.73,51.26,134.23,15.26,15.84,58.77,232.47,40.7,20.76,54.37,19.66,25.26,111.37,18.56,578.96,29.8,8.2,103.3,3.69,2.81,96.34,13.77,2.81,0.76,2.78,280.21,24.36,1233.81,642.06,16.56,3.07,2.27,2.88
Bcell - Calculated Raw values of Means using X-Axis channel(s): Panel/Channel Values,c04_sample2_01_0_E03_D1_UN.fcs - c04_sample2_01_0_E03_D1_UN.fcs,4.11,34.54,6.03,6.35,5.76,11.57,194.73,16.38,21.17,51.68,21.77,7.85,92.99,18,545.77,46.24,3.97,93.06,1.4,4.14,140.33,7.34,1.17,0.84,1.04,243.07,12.37,1703.03,723.81,17.92,3.05,1.97,29.35
Bcell - Calculated Raw values of Means using X-Axis channel(s): Panel/Channel Values,c13_sample2_01_0_E03_D1_PERV.fcs - c13_sample2_01_0_E03_D1_PERV.fcs,9.02,39.81,54.9,5.39,10.31,32.08,165.4,30.48,24.9,45.98,23.75,13.43,106.09,18.32,582.52,53.2,6.62,99.8,2.84,2.24,159.81,12.92,2.03,0.87,2.76,225.38,29,1611.45,696.53,21.29,2.97,1.51,17.39
Bcell - Calculated Raw values of Means using X-Axis channel(s): Panel/Channel Values,c05_sample2_01_0_E03_D2_UN.fcs - c05_sample2_01_0_E03_D2_UN.fcs,5.64,34.76,6.84,3.29,6.05,10.41,201.54,19.57,19.96,43.7,28.19,8.54,95.41,12.04,553,50.6,4.59,93.62,1.34,2.69,140.3,14.84,1.74,0.61,0.96,179.73,10.13,1697.57,681.85,28.07,1.14,2.86,12.73
Bcell - Calculated Raw values of Means using X-Axis channel(s): Panel/Channel Values,c14_sample2_01_0_E03_D2_PERV.fcs - c14_sample2_01_0_E03_D2_PERV.fcs,6.58,36.99,68.24,3.45,9.78,36.69,226.58,29.68,22.97,43.11,36.93,13.4,87.24,12.27,554.12,79.18,5.73,85.01,2.27,4.39,143.49,16.3,2.53,0.71,1.32,173.21,11.79,1647.06,757.54,16.29,2.76,2.84,16.94
Bcell - Calculated Raw values of Means using X-Axis channel(s): Panel/Channel Values,c04_sample1_01_0_E04_D0_UN.fcs - c04_sample1_01_0_E04_D0_UN.fcs,5.38,45.36,6.8,1.46,2.02,6.98,171.83,14.05,18.83,55.71,17.6,2.85,191.36,0.54,907.48,5.24,2.41,121.76,1.22,4.89,22.08,55.52,6.73,2.79,1.27,393.69,8.24,65.43,297.09,40.47,3.17,11.81,2.97
Bcell - Calculated Raw values of Means using X-Axis channel(s): Panel/Channel Values,c13_sample1_01_0_E04_D0_PERV.fcs - c13_sample1_01_0_E04_D0_PERV.fcs,8.03,64.75,753.27,316.13,59.8,323.36,554.77,24.3,28.97,309.74,20.18,241.01,156.66,1.04,938.14,7.64,8.55,103.52,14.32,5.8,23.7,185.5,26.19,2.36,0.89,345.85,12.72,102.93,247.42,34.57,9.8,45.84,3.5
Bcell - Calculated Raw values of Means using X-Axis channel(s): Panel/Channel Values,c05_sample1_01_0_E04_D1_UN.fcs - c05_sample1_01_0_E04_D1_UN.fcs,2,39.93,3.35,1.12,1.91,9.23,186.38,9.44,6.58,33.54,2.47,1.67,165.62,0.37,882.26,3.36,2.57,125,1.13,2.78,22.09,18.06,2.46,0.63,1.68,419.64,20.01,62.56,387.8,42.86,2.51,2.72,1.79
Bcell - Calculated Raw values of Means using X-Axis channel(s): Panel/Channel Values,c14_sample1_01_0_E04_D1_PERV.fcs - c14_sample1_01_0_E04_D1_PERV.fcs,3.93,53.11,150.78,43.67,14.26,59.85,200.95,14.79,19.87,89.56,6.11,42.04,170.56,0.36,889.47,4.62,3.73,123.12,3.87,3.31,20.47,35.95,7.96,0.88,1.22,405.16,12.22,48.02,384.66,46.82,3.71,7.38,2.11
Bcell - Calculated Raw values of Means using X-Axis channel(s): Panel/Channel Values,c06_sample1_01_0_E04_D2_UN.fcs - c06_sample1_01_0_E04_D2_UN.fcs,1.91,42.18,3.59,1.02,1.75,6.08,183.17,9.68,7.55,38.46,3.55,1.57,168.6,0.33,875.29,3.11,2.8,118.43,1.33,3.08,18.68,7.51,1.21,0.6,2.15,370.24,25.31,49.86,417.12,37.41,2.04,0.98,3.14
Bcell - Calculated Raw values of Means using X-Axis channel(s): Panel/Channel Values,c15_sample1_01_0_E04_D2_PERV.fcs - c15_sample1_01_0_E04_D2_PERV.fcs,5.5,47.47,96.99,6.41,7.31,35.51,177.67,15.72,16.82,45.66,6.73,12.41,151.55,0.43,921.57,2.72,3.57,110.19,2.76,2.59,17.62,16.16,6.03,0.78,3.51,363.04,43.06,39.79,408.24,35.24,2.39,3.34,2.12
Bcell - Calculated Raw values of Means using X-Axis channel(s): Panel/Channel Values,c06_sample2_01_0_E05_D0_UN.fcs - c06_sample2_01_0_E05_D0_UN.fcs,8,100.41,5.59,3.6,9.22,17.97,328.44,29.62,30.07,50.3,19.02,11.75,204.99,9.47,679.91,9.48,3.81,171.27,2.11,3.36,140.42,103.43,2.55,0.95,1.46,501.52,25.57,1595.09,819.11,28.98,1.2,3.16,26.9
Bcell - Calculated Raw values of Means using X-Axis channel(s): Panel/Channel Values,c15_sample2_01_0_E05_D0_PERV.fcs - c15_sample2_01_0_E05_D0_PERV.fcs,21.82,103.54,308.16,17.19,19.02,57.35,308.07,36.36,31.66,88.52,17.01,45.1,212.92,8.32,692.2,8.91,3.79,183.65,5.56,2.37,134.93,124.28,6.49,0.83,1.42,483.34,26.28,1440.2,778.09,24.14,1.33,4.56,27.2
Bcell - Calculated Raw values of Means using X-Axis channel(s): Panel/Channel Values,c07_sample2_01_0_E05_D1_UN.fcs - c07_sample2_01_0_E05_D1_UN.fcs,10.43,102.4,6.95,7.36,10.69,20.82,359.29,34.49,34.04,44.11,28.86,16.25,175.61,11.79,709.46,11.31,5.81,175.44,1.82,4.55,230.37,117.49,6.48,2.39,2.66,587.37,19.11,2172.41,885.38,23.74,5.28,6.04,39.39
Bcell - Calculated Raw values of Means using X-Axis channel(s): Panel/Channel Values,c16_sample2_01_0_E05_D1_PERV.fcs - c16_sample2_01_0_E05_D1_PERV.fcs,51.82,119.99,311.21,20.33,23.93,87.41,384.25,51,33.02,83.13,23.67,48.96,198.69,10.71,719.96,11.29,5.73,186.25,5.6,3.27,189.04,116.64,7.54,1.63,2.87,552.78,23.8,1936.23,779.05,30.82,4.07,5.33,30.53
Bcell - Calculated Raw values of Means using X-Axis channel(s): Panel/Channel Values,c08_sample2_01_0_E05_D3_UN.fcs - c08_sample2_01_0_E05_D3_UN.fcs,11.33,78.68,6.71,2.78,13.75,30.03,462.57,33.69,33.61,57.79,23.36,11.3,103.5,10.59,775.47,10.23,5.66,123.26,1.79,2.19,384.04,54.69,3.84,1.45,1.67,620.93,16.64,2869.43,645.56,29.17,1.7,4.33,13.49
Bcell - Calculated Raw values of Means using X-Axis channel(s): Panel/Channel Values,c17_sample2_01_0_E05_D3_PERV.fcs - c17_sample2_01_0_E05_D3_PERV.fcs,36.42,80.64,423.93,39.54,31.83,117.57,497.38,45.62,32.17,145.47,17.55,81.29,102.61,8.59,756.18,9.77,6.12,116.92,7.52,2.43,300.36,77.52,15.41,1.22,1.47,524.01,17.71,2359.39,591.64,24.13,2.04,16.23,10.25
Bcell - Calculated Raw values of Means using X-Axis channel(s): Panel/Channel Values,c07_sample1_01_0_E07_D0_UN.fcs - c07_sample1_01_0_E07_D0_UN.fcs,3.88,108.76,18.68,2.26,2.47,9.99,322.46,16.17,24.08,98.04,27.19,3.37,431,1.71,1312.54,17.66,15.41,169.37,3.69,5.89,25.14,44.73,7.46,2.01,3.9,706.82,48.78,313.61,649.67,59.36,23.96,8.85,22.64
Bcell - Calculated Raw values of Means using X-Axis channel(s): Panel/Channel Values,c16_sample1_01_0_D07_D0_PERV.fcs - c16_sample1_01_0_D07_D0_PERV.fcs,17.19,103.54,570.81,169.25,25.45,217.76,382.76,24.14,27.26,270.21,20.43,151.28,368.49,2.96,1227.74,24.05,18.63,157.77,13.08,4.31,21.4,37.06,19.03,2.82,7.1,557.11,55.81,370.53,567.02,59.97,26.63,7.8,10.86
Bcell - Calculated Raw values of Means using X-Axis channel(s): Panel/Channel Values,c08_sample1_01_0_E07_D1_UN.fcs - c08_sample1_01_0_E07_D1_UN.fcs,2.4,46.63,9.39,7.48,6.84,15.19,233.72,14.25,15.81,98.84,8.39,11.24,254.13,9.79,909.62,98.26,95.4,124.72,9.91,9.33,19.99,57.86,70.37,62.89,39.27,390.11,63.68,376.76,440.81,86.06,107.07,61.19,827.85
Bcell - Calculated Raw values of Means using X-Axis channel(s): Panel/Channel Values,c17_sample1_01_0_D07_D1_PERV.fcs - c17_sample1_01_0_D07_D1_PERV.fcs,13.27,51.29,403.05,96.3,33.61,118.14,308.13,12.31,17.14,174.8,11.95,100.11,217.24,9.16,988.96,50.21,35,117.82,9.89,7.83,16.27,52.24,33.85,18.81,12.97,372.72,46.17,269.56,419.53,49.57,76.11,22.97,368.01
Bcell - Calculated Raw values of Means using X-Axis channel(s): Panel/Channel Values,c01_sample3_01_0_E09_D0_UN.fcs - c01_sample3_01_0_E09_D0_UN.fcs,3.62,62.86,4.35,1.35,1.5,7.29,222.43,6.83,9.25,68.73,3.16,1.64,449.7,2.28,1008.56,7.82,2.43,128.7,1.8,1.96,24.24,20.36,1.53,0.54,2.48,350.86,29.39,292.87,554.95,184.25,15.06,2.11,20.72
Bcell - Calculated Raw values of Means using X-Axis channel(s): Panel/Channel Values,c07_sample3_01_0_E09_D0_PERV.fcs - c07_sample3_01_0_E09_D0_PERV.fcs,5.54,51.2,175.77,4.92,11.29,40.77,184.65,8.64,9.92,74.12,3.81,17.58,379.79,0.99,980.79,4.44,2.32,115.31,3.57,4.07,23.5,20.14,2.36,0.41,1.34,328.69,35.36,235.7,478.94,133.95,11.27,1.19,12.03
Bcell - Calculated Raw values of Means using X-Axis channel(s): Panel/Channel Values,c02_sample3_01_0_E09_D1_UN.fcs - c02_sample3_01_0_E09_D1_UN.fcs,2.76,32.27,5.85,2.24,1.45,3.93,29.45,4.96,1.71,182.49,0.38,1.45,375.89,2.69,802.3,9.1,3.07,96,1.09,2.8,5.06,24.63,1.78,1.02,1.32,249.16,20.53,206.76,545.14,126.22,26.06,2.07,36.56
Bcell - Calculated Raw values of Means using X-Axis channel(s): Panel/Channel Values,c08_sample3_01_0_E09_D1_PERV.fcs - c08_sample3_01_0_E09_D1_PERV.fcs,4.94,33.05,33.41,4.35,12.37,14.6,55.58,7.43,3.94,95.7,0.86,9.96,311.74,2.78,752.32,13.23,4.89,86.99,1.48,2.47,5.36,24.12,6.48,4.15,3.7,211.28,12.61,192.6,442.43,113.4,35.41,4.4,102.1
Bcell - Calculated Raw values of Means using X-Axis channel(s): Panel/Channel Values,c03_sample3_01_0_E09_D2_UN.fcs - c03_sample3_01_0_E09_D2_UN.fcs,0.68,3.79,3.65,5.66,0.75,2.57,7.31,2.41,5.21,61.7,1.35,0.89,10.51,0.7,539.81,2.99,15.16,22.08,1.77,4.56,5.04,166.71,1.27,4.69,4.54,61.04,56.74,64.51,112.18,7.64,9.54,2.52,7.8
Bcell - Calculated Raw values of Means using X-Axis channel(s): Panel/Channel Values,c09_sample3_01_0_E09_D2_PERV.fcs - c09_sample3_01_0_E09_D2_PERV.fcs,1.03,8.73,24.96,5.74,1.17,1.91,7.22,2.94,3.96,494.88,1.05,1.15,34.87,2.32,451.76,4.14,17.16,32.39,2.92,4.59,5.62,86.24,1.95,2.73,4.14,104.47,25.9,59.2,103.71,25.92,33.87,4.65,13.35
Bcell - Calculated Raw values of Means using X-Axis channel(s): Panel/Channel Values,c01_sample2_01_0_E12_D0_UN.fcs - c01_sample2_01_0_E12_D0_UN.fcs,6.36,92.87,12.84,3.89,3.24,12.58,212.46,21.85,21.51,22.46,22.81,3.88,167.5,2.76,671.43,21.75,11.41,98.44,10.92,14.12,81.83,15.16,1.11,1.09,1.81,333.25,150.12,320.15,542.75,46.7,2.4,1.62,19
Bcell - Calculated Raw values of Means using X-Axis channel(s): Panel/Channel Values,c10_sample2_01_0_E12_D0_PERV.fcs - c10_sample2_01_0_E12_D0_PERV.fcs,20.71,84.88,847.82,11.62,35.44,84.98,312.14,41.5,20.71,286.38,17.94,94.38,130.37,1.54,730.75,7.12,25.35,83.77,44.13,13.63,90.15,18.43,7.87,1.7,24.56,244.6,375.79,247.34,369.59,50.19,2.19,0.95,22.93
Bcell - Calculated Raw values of Means using X-Axis channel(s): Panel/Channel Values,c02_sample2_01_0_E12_D1_UN.fcs - c02_sample2_01_0_E12_D1_UN.fcs,10.26,94.47,14.38,3.03,4.2,19.86,275.54,21.95,23.87,106.51,22.56,2.99,144.68,6.66,718.09,10.47,11.55,89.72,11.21,7.05,130.34,15.49,1.38,1.13,6.47,318.16,168.22,543.09,506.16,47.48,1.77,1.61,10.3
Bcell - Calculated Raw values of Means using X-Axis channel(s): Panel/Channel Values,c11_sample2_01_0_E12_D1_PERV.fcs - c11_sample2_01_0_E12_D1_PERV.fcs,21.65,85.51,795.08,12.09,43.91,96.19,305.77,41.5,21.03,171.81,13.09,85.69,116.4,3.56,665.7,13.7,17.44,76.04,31.28,9.34,108.06,14.37,11.26,1.36,22.14,235.14,276.83,364.35,374.27,45,1.51,0.76,18.66
Bcell - Calculated Raw values of Means using X-Axis channel(s): Panel/Channel Values,c04_sample3_01_0_E13_D0_UN.fcs - c04_sample3_01_0_E13_D0_UN.fcs,6.24,18.55,2.62,1.9,7.31,13.23,189.4,12.48,31.92,77.46,2.14,10,89.64,2.77,526.75,1.1,1.6,83.06,1.17,3.48,98.25,13.41,1.54,0.82,1.08,232.76,19.67,1413.76,560.96,7.6,2.46,0.27,46.08
Bcell - Calculated Raw values of Means using X-Axis channel(s): Panel/Channel Values,c10_sample3_01_0_E13_D0_PERV.fcs - c10_sample3_01_0_E13_D0_PERV.fcs,7.57,17.89,146.23,9.27,12.05,43.46,172.44,14.92,37.85,81.86,2.02,29.59,84.4,3.27,536.33,1.16,1.23,98.71,2.18,4.66,114.12,12.75,4.01,0.5,0.95,253.67,11.45,1441.84,566.21,8.06,2.7,0.28,69.46
Bcell - Calculated Raw values of Means using X-Axis channel(s): Panel/Channel Values,c05_sample3_01_0_E13_D1_UN.fcs - c05_sample3_01_0_E13_D1_UN.fcs,7.13,25.65,1.61,1.81,5.85,9.99,179.26,15.21,32.15,48.4,4.97,11.83,111.43,3.5,640.88,1.52,2.16,94.69,1.85,3.73,140.61,20.23,2.62,0.7,2.2,281.68,40.51,1336.4,642.49,13.23,3.03,0.46,46.79
Bcell - Calculated Raw values of Means using X-Axis channel(s): Panel/Channel Values,c11_sample3_01_0_E13_D1_PERV-(1).fcs - c11_sample3_01_0_E13_D1_PERV.fcs,8.51,18.96,128.98,3.83,12.39,44.14,180.41,20.06,33.16,79.67,4.9,21.43,105.93,2.52,679.02,1.14,4.13,94.85,3.87,5.06,122.29,25.22,3.58,0.61,1.74,280.94,55.45,1239.5,643.37,13.62,3,0.54,42.53
Bcell - Calculated Raw values of Means using X-Axis channel(s): Panel/Channel Values,c11_sample3_01_0_E13_D1_PERV.fcs - c11_sample3_01_0_E13_D1_PERV.fcs,8.83,19.63,129.52,4.63,12.86,44.19,177.64,21.53,35.13,44.45,4.89,22.6,109.02,2.51,688.38,1.15,3.43,97.99,3.31,5.77,133.1,22.73,3.4,0.66,1.39,283.77,53.86,1292.95,687.91,13.78,3.04,0.55,40.12
